wallet,class,realized_pnl_30d,winrate_pct,trades_30d
6HcrxubcevZQs1fcPTVnywzw7N2XWqsyAPxqnmg78UMg,copyable,175070,33.3,423
GmCqxJx2QPxKfhyiLyk5CdV3rQtwuXKnCoTq5RoFBCoD,losing,-141627,21.7,849
5V676H2Th83MycbJQ1JuL3f8GCCf6WDDVY2qY8Tj9zFb,losing,-31830,40.7,1417
2NCyVmEup1WREG9QbUA2EZSGRBAzymRBCRytUVqY8HPy,copyable,1375,21.4,153
HWEHZbwQjPUocmNoy9zRuQ7UesiyfzyJiBowzoLRHsJ3,thin/dormant,0,0.0,0
A2B76kth3LZB7GK6dSzRcZBYNWsn2K6fCWyKVXBFqKx4,thin/dormant,-3474,0.0,7
87rRdssFiTJKY4MGARa4G5vQ31hmR7MxSmhzeaJ5AAxJ,high-freq,8954,26.6,1847
E5ebcaH2TgvHJWouQMjNAKNtYo3y9CYz1sr2unLS12zW,thin/dormant,-13,0.0,2
3CPHk5b7SRvAsTsocehAu1bA5YKMXJYMr3qc2SuMFkWY,copyable,1781,20.0,38
Dk4na3gi8HYrrnFDcRgVfET23Ltm7AxbzvPpGyHaXwQJ,high-freq,7239,0.0,23
EGM1pkKhiy7b8jvqaeuFSWW7aAqCV6m2n2eANjix2fEp,losing,-14786,42.9,108
NjM3Ec6QZ8bV1zYsKpW8HpTEEskCv512aooM67g4v2Z,losing,-25469,22.7,174
C3d6GcXo1QrwNHAVJWjPjTGHbq7b6xM4ezEgZthMnype,thin/dormant,-9505,14.3,7
2jjgBEwQqhUXRPjSqGqwsWCkqgRsZ7MkT3kTeWJJ8e7Q,losing,-858,32.5,121
4hSXPtxZgXFpo6Vxq9yqxNjcBoqWN3VoaPJWonUtupzD,losing,-18906,19.4,352
E57hYjjwNAnvXe67C1q7nKRdC2jWMRGLWAJsBJAJrgzR,losing,-2745,75.0,39
GvQy1MRaMGQW3tx46Af8d5U9TAmnmYHt9aXy3TGrtR5T,copyable,33814,33.3,708
Gdaqp3ND6r3HVAWXpawkQU18EuQqwNxpaeeio8ASVAYd,copyable,9208,25.0,8
C92nBXrrANmWpgJKhBdbnqtUuCcoEZ7kQJoyScZ5sQak,thin/dormant,-8163,50.0,1
5cvnpgyFw5y6oUq4668hBgwCXfYMQjwvs4u78daAq3Ha,losing,-7537,0.0,99
C21R6y1fqFUNCEzNJgjVcEnjTE2y6Cq7GWLfZzkbBm7a,losing,-524,1.2,23
3aE3KruzkmDgVXPhrXS4vhXRe5pMa36eyR9zPQnnwQSe,thin/dormant,0,0.0,4
GkPtg9Lt38syNpdBGsNJu4YMkLi5wFXq3PM8PQhxT8ry,copyable,881,33.3,16
6CaPqnYHScxnQu1zzgj8MBXYv3cc7WP9skMMso6RUGYy,thin/dormant,-565,0.0,3
Ct5VeJ34QdSqzRbTsZEKg3ayXJShSKhowhW8sWF8KG1c,thin/dormant,0,97.9,0
gasBidSWW5zmwXs3gn8TG2ijzKkrwpyM7ucwjgDQst6,high-freq,-774,17.4,14235
gasAx5Y917MYdmdnwiomwYDhmDKNGDJnN1MmEbxVdVw,profitable,2802,26.0,2348
6ZviScsNqBtbs42zD3w3vUhrjBd5jWYZemNRsKDa3RoN,thin/dormant,0,0.0,0
F6bswaiRHBvtet61ggiSjiQYiefiazg5WWKEcehyz5mr,losing,-1310,44.4,63
92kQGvkmjBgEv6wdormaRtQc9Kv5HXRNqJb7kQDDi6Ec,thin/dormant,0,0.0,0
