signal_id,horizon,checked_at_utc,elapsed_h,late,price_usd,liquidity_usd,ret_pct,ret_net_pct,rugged
C1-202610011714-B4VFURUH,1h,2026-10-01T18:25:45Z,1.2,False,0.03672294447825079,873725.9922,5.11,4.46,False
C1-202610011714-ECN4kZK2,1h,2026-10-01T18:25:45Z,1.2,False,0.0005199935902460368,70403.8342,-33.44,-34.5,False
C1-202610011714-7Nj7mBE7,1h,2026-10-01T18:25:45Z,1.2,False,0.004761539731688821,277214.628,-3.93,-4.68,False
C1-202610011714-ADnHLqCu,1h,2026-10-01T18:25:45Z,1.2,False,3.3456190937012094e-06,2671.2612,0.0,-15.68,False
C1-202610011714-dH12Ke1g,1h,2026-10-01T18:25:45Z,1.2,False,0.0010696420988292672,105288.9895,57.12,55.98,False
C1-202610011714-4JAnKFdd,1h,2026-10-01T18:25:45Z,1.2,False,0.018150741607007505,745533.8078,2.9,2.25,False
C1-202610011714-C7r9jXWi,1h,2026-10-01T18:25:45Z,1.2,False,0.007224229043878507,258899.515,41.44,40.65,False
C1-202610011714-DA4pM4xS,1h,2026-10-01T18:25:45Z,1.2,False,0.009057511958628129,685838.0984,-6.41,-7.07,False
C1-202610011714-31eCTC8W,1h,2026-10-01T18:25:45Z,1.2,False,0.0008014549421881897,98123.1402,-18.83,-19.81,False
C1-202610011714-6e3jZLtf,1h,2026-10-01T18:25:45Z,1.2,False,0.011509124939497139,760671.4287,4.7,4.05,False
C1-202610011714-5Q7FCGXC,1h,2026-10-01T18:25:45Z,1.2,False,0.0001703463559893494,37812.0564,-40.01,-41.46,False
C1-202610011714-2uF4Xh61,1h,2026-10-01T18:25:45Z,1.2,False,0.005789010599590045,27559241.7826,4.33,3.73,False
C1-202610011714-4FH1Un2R,1h,2026-10-01T18:25:45Z,1.2,False,9.572647817232607e-05,0.0003894265115,46.16,-100,True
C1-202610011714-BQ3gvDP8,1h,2026-10-01T18:25:45Z,1.2,False,2.1206339681452433e-05,11985.1228,-72.77,-75.01,False
C1-202610011714-3Mt1bpU3,1h,2026-10-01T18:25:45Z,1.2,False,113.97721619397292,211652.4131,0.38,-0.41,False
C1-202610011714-4xZVYR6y,1h,2026-10-01T18:25:45Z,1.2,False,2.097337810458066e-06,2146.1995,-99.84,-100,True
C1-202610011714-G4yZFZt5,1h,2026-10-01T18:25:45Z,1.2,False,2.732639147886248e-06,2740.1946,-77.34,-82.4,False
C1-202610011714-6qirp44Q,1h,2026-10-01T18:25:45Z,1.2,False,0.00019318203710382573,39641.8377,57.75,55.81,False
C1-202610011714-BofA2ViU,1h,2026-10-01T18:25:45Z,1.2,False,0.005792150160514642,1819091.2496,3.98,3.36,False
C1-202610011714-D6NdKrKN,1h,2026-10-01T18:25:45Z,1.2,False,0.2535327501471647,179091.5032,0.0,-0.82,False
C1-202610011714-8uwFMFCU,1h,2026-10-01T18:25:45Z,1.2,False,0.037758076849396964,686912.674,7.97,7.31,False
C1-202610011714-D4J77RpC,1h,2026-10-01T18:25:45Z,1.2,False,0.00955086581456214,36500.8904,2.29,0.58,False
C1-202610011714-Fd8dKFEv,1h,2026-10-01T18:25:45Z,1.2,False,4.82642263285526e-05,10094.2027,0.0,-4.61,False
C1-202610011714-ByKfqBGy,1h,2026-10-01T18:25:45Z,1.2,False,0.009577653900584035,128960.2918,2.93,2.01,False
C1-202610011714-G4yk7zDA,1h,2026-10-01T18:25:45Z,1.2,False,0.0002482473513106826,44208.1298,-19.69,-21.09,False
C1-202610011714-zxTpi4Bt,1h,2026-10-01T18:25:45Z,1.2,False,0.24132270901848668,2403465.0996,3.64,3.02,False
C1-202610011714-HMzvsEEm,1h,2026-10-01T18:25:45Z,1.2,False,0.05919015137919238,2884913.5556,2.76,2.15,False
C1-202610011714-6qz7THwQ,1h,2026-10-01T18:25:45Z,1.2,False,1.460078762142593,6230522.8732,3.87,3.26,False
C1-202610011714-3dcwhqJp,1h,2026-10-01T18:25:45Z,1.2,False,0.006567659540369892,628048.7125,4.11,3.45,False
C1-202610011714-5d1MwACz,1h,2026-10-01T18:25:45Z,1.2,False,0.0018043840794206452,173937.0017,38.32,37.44,False
C1-202610011714-EGRWwHLf,1h,2026-10-01T18:25:45Z,1.2,False,0.00034025423338340447,60356.0008,16.88,15.57,False
C1-202610011714-mnnen34c,1h,2026-10-01T18:25:45Z,1.2,False,0.0012529991918655058,120009.025,111.35,110.26,False
C1-202610011714-EjHSLEKL,1h,2026-10-01T18:25:45Z,1.2,False,0.00012300416950113504,34846.4039,4.33,2.47,False
C1-202610011714-6L2q7ZrU,1h,2026-10-01T18:25:45Z,1.2,False,0.00013160386879807484,40305.6898,-3.74,-5.3,False
C1-202610011714-2i2iULr7,1h,2026-10-01T18:25:45Z,1.2,False,0.003429060650605614,220683.1184,-13.38,-14.15,False
C1-202610011714-6xLfdSfH,1h,2026-10-01T18:25:45Z,1.2,False,0.00035541657564771434,59547.8099,-2.71,-3.97,False
C1-202610011714-4zLRGHwK,1h,2026-10-01T18:25:45Z,1.2,False,0.0005901363273834883,87884.5845,53.29,52.12,False
C1-202610011714-6SyCrkBe,1h,2026-10-01T18:25:45Z,1.2,False,0.000297640360530025,77767.4588,-1.21,-2.32,False
C1-202610011714-Bq6qtrFc,1h,2026-10-01T18:25:45Z,1.2,False,0.00036519380428720036,65348.795,0.63,-0.53,False
C1-202610011714-5Hiw6ED2,1h,2026-10-01T18:25:45Z,1.2,False,1.3402383584301902e-05,9382.831,-11.67,-16.2,False
C1-202610011740-6e7V9eeg,1h,2026-10-01T22:25:13Z,4.74,True,0.13985729610903622,1199310.1231,-0.63,-1.26,False
C1-202610011740-3Vj8miZu,1h,2026-10-01T22:25:13Z,4.74,True,4168.249036662547,196227.3802,-1.61,-2.41,False
C1-202610011740-9KztWJSB,1h,2026-10-01T22:25:13Z,4.74,True,2.042638676791452e-07,0.005298965776,-86.62,-100,True
C1-202610011740-7zBzrNNb,1h,2026-10-01T22:25:13Z,4.74,True,0.2558503235833052,29747.4113,7.38,5.18,False
C1-202610011740-HnhpJPJg,1h,2026-10-01T22:25:13Z,4.74,True,0.20402934833257372,3357109.8397,7.7,7.09,False
C1-202610011740-BEmmTb85,1h,2026-10-01T22:25:13Z,4.74,True,0.0001890871836495047,1.368006995e-06,-14.43,-100,True
C1-202610011740-H6VaHkM4,1h,2026-10-01T22:25:13Z,4.74,True,3.368398471052186e-05,0.000147064592175189,0.0,-100,False
C1-202610011740-Aw7S3Kh7,1h,2026-10-01T22:25:13Z,4.74,True,1763.8595170082401,144294.7678,0.22,-0.57,False
C1-202610011740-7U3sToH1,1h,2026-10-01T22:25:13Z,4.74,True,3.1233916862804955e-05,0.00236892766,-93.43,-100,True
C1-202610011825-GALE4iPE,1h,2026-10-01T22:25:13Z,3.99,True,2.6130721908881464e-06,2871.2036,-99.29,-100,True
C1-202610011825-ASAxmEaT,1h,2026-10-01T22:25:13Z,3.99,True,148.25485632879787,343294.5343,-1.44,-2.18,False
C1-202610011825-2ZWxT3ni,1h,2026-10-01T22:25:13Z,3.99,True,1767.3527884130408,938431.5781,-2.01,-2.65,False
C1-202610011825-HjutGtwL,1h,2026-10-01T22:25:13Z,3.99,True,2.631229025707953e-06,2901.7193,-99.12,-100,True
C1-202610011825-J3Fn8VN6,1h,2026-10-01T22:25:13Z,3.99,True,0.0010571098894675605,121108.1906,-0.56,-1.43,False
C1-202610011825-GdwvZhNu,1h,2026-10-01T22:25:13Z,3.99,True,0.0002659501345599533,52995.554,-46.26,-47.4,False
C1-202610011825-HrNjVeq6,1h,2026-10-01T22:25:13Z,3.99,True,2.249726494104067e-06,2422.4244,-99.24,-100,True
C1-202610011825-DH9jbFEX,1h,2026-10-01T22:25:13Z,3.99,True,1.829628568961466e-05,10362.1268,-83.72,-85.71,False
C1-202610011825-GE6QEGU9,1h,2026-10-01T22:25:13Z,3.99,True,0.25308845842437894,162653.7519,5.3,4.44,False
C1-202610011825-3ndjN1nJ,1h,2026-10-01T22:25:13Z,3.99,True,0.04080825594950091,2020196.904,-1.4,-2.02,False
C1-202610011825-DdQwcfAj,1h,2026-10-01T22:25:13Z,3.99,True,2.1090826711531696e-06,2162.1064,-99.83,-100,True
C1-202610011825-BxRhW4q1,1h,2026-10-01T22:25:13Z,3.99,True,0.05458837400971405,2819579.785,-0.93,-1.54,False
C1-202610011714-B4VFURUH,6h,2026-10-02T01:46:06Z,8.53,False,0.03443929849787452,840508.5726,-1.43,-2.08,False
C1-202610011714-ECN4kZK2,6h,2026-10-02T01:46:06Z,8.53,False,6.0029022049221373e-05,23515.303,-92.32,-93.38,False
C1-202610011714-7Nj7mBE7,6h,2026-10-02T01:46:06Z,8.53,False,0.0040069636044305955,251547.3839,-19.16,-19.91,False
C1-202610011714-ADnHLqCu,6h,2026-10-02T01:46:06Z,8.53,False,3.2980949689951847e-06,2632.5626,-1.42,-17.1,False
C1-202610011714-dH12Ke1g,6h,2026-10-02T01:46:06Z,8.53,False,0.00043672824989546364,69882.1586,-35.85,-36.99,False
C1-202610011714-4JAnKFdd,6h,2026-10-02T01:46:06Z,8.53,False,,,-100,-100,missing
C1-202610011714-C7r9jXWi,6h,2026-10-02T01:46:06Z,8.53,False,,,-100,-100,missing
C1-202610011714-DA4pM4xS,6h,2026-10-02T01:46:06Z,8.53,False,0.010224745704906191,737901.2442,5.66,5.0,False
C1-202610011714-31eCTC8W,6h,2026-10-02T01:46:06Z,8.53,False,0.0007014359293297299,93092.5349,-28.96,-29.94,False
C1-202610011714-6e3jZLtf,6h,2026-10-02T01:46:06Z,8.53,False,,,-100,-100,missing
C1-202610011714-5Q7FCGXC,6h,2026-10-02T01:46:06Z,8.53,False,,,-100,-100,missing
C1-202610011714-2uF4Xh61,6h,2026-10-02T01:46:06Z,8.53,False,,,-100,-100,missing
C1-202610011714-4FH1Un2R,6h,2026-10-02T01:46:06Z,8.53,False,,,-100,-100,missing
C1-202610011714-BQ3gvDP8,6h,2026-10-02T01:46:06Z,8.53,False,0.00014625360995637368,36336.4597,87.8,85.56,False
C1-202610011714-3Mt1bpU3,6h,2026-10-02T01:46:06Z,8.53,False,119.81685789744965,210845.9337,5.52,4.73,False
C1-202610011714-4xZVYR6y,6h,2026-10-02T01:46:06Z,8.53,False,2.097337810458066e-06,2149.5128,-99.84,-100,True
C1-202610011714-G4yZFZt5,6h,2026-10-02T01:46:06Z,8.53,False,2.5042955390136863e-06,2539.9434,-79.23,-84.29,False
C1-202610011714-6qirp44Q,6h,2026-10-02T01:46:06Z,8.53,False,0.0005738187572641306,76748.4819,368.56,366.62,False
C1-202610011714-BofA2ViU,6h,2026-10-02T01:46:06Z,8.53,False,0.00576209993531118,1813355.3983,3.44,2.82,False
C1-202610011714-D6NdKrKN,6h,2026-10-02T01:46:06Z,8.53,False,0.25168056482286877,178007.2049,-0.73,-1.55,False
C1-202610011714-8uwFMFCU,6h,2026-10-02T01:46:06Z,8.53,False,,,-100,-100,missing
C1-202610011714-D4J77RpC,6h,2026-10-02T01:46:06Z,8.53,False,,,-100,-100,missing
C1-202610011714-Fd8dKFEv,6h,2026-10-02T01:46:06Z,8.53,False,4.82642263285526e-05,10097.4982,0.0,-4.61,False
C1-202610011714-ByKfqBGy,6h,2026-10-02T01:46:06Z,8.53,False,0.009391071349207747,137098.4457,0.93,0.01,False
C1-202610011714-G4yk7zDA,6h,2026-10-02T01:46:06Z,8.53,False,,,-100,-100,missing
C1-202610011714-zxTpi4Bt,6h,2026-10-02T01:46:06Z,8.53,False,0.24472559659691312,2333324.1524,5.1,4.48,False
C1-202610011714-HMzvsEEm,6h,2026-10-02T01:46:06Z,8.53,False,,,-100,-100,missing
C1-202610011714-6qz7THwQ,6h,2026-10-02T01:46:06Z,8.53,False,1.3323957849862458,5623984.9037,-5.22,-5.83,False
C1-202610011714-3dcwhqJp,6h,2026-10-02T01:46:06Z,8.53,False,0.006020357175356485,602596.4575,-4.57,-5.23,False
C1-202610011714-5d1MwACz,6h,2026-10-02T01:46:06Z,8.53,False,0.001648477812908113,163080.8383,26.37,25.49,False
C1-202610011714-EGRWwHLf,6h,2026-10-02T01:46:06Z,8.53,False,0.0005137460804885506,75951.8444,76.48,75.17,False
C1-202610011714-mnnen34c,6h,2026-10-02T01:46:06Z,8.53,False,,,-100,-100,missing
C1-202610011714-EjHSLEKL,6h,2026-10-02T01:46:06Z,8.53,False,7.081204681683441e-05,24765.0953,-39.94,-41.8,False
C1-202610011714-6L2q7ZrU,6h,2026-10-02T01:46:06Z,8.53,False,0.00021281686215697887,52520.138,55.66,54.1,False
C1-202610011714-2i2iULr7,6h,2026-10-02T01:46:06Z,8.53,False,,,-100,-100,missing
C1-202610011714-6xLfdSfH,6h,2026-10-02T01:46:06Z,8.53,False,0.0003171711359868971,56171.2519,-13.18,-14.44,False
C1-202610011714-4zLRGHwK,6h,2026-10-02T01:46:06Z,8.53,False,,,-100,-100,missing
C1-202610011714-6SyCrkBe,6h,2026-10-02T01:46:06Z,8.53,False,0.0003916490172560702,89274.7825,30.0,28.89,False
C1-202610011714-Bq6qtrFc,6h,2026-10-02T01:46:06Z,8.53,False,0.0003659780252979064,66204.7291,0.85,-0.31,False
C1-202610011714-5Hiw6ED2,6h,2026-10-02T01:46:06Z,8.53,False,,,-100,-100,missing
C1-202610011740-6e7V9eeg,6h,2026-10-02T01:46:06Z,8.09,False,0.1395962755200684,1204266.9479,-0.82,-1.45,False
C1-202610011740-3Vj8miZu,6h,2026-10-02T01:46:06Z,8.09,False,4179.711169421799,231245.9913,-1.34,-2.14,False
C1-202610011740-9KztWJSB,6h,2026-10-02T01:46:06Z,8.09,False,2.042638676791452e-07,0.005298965776,-86.62,-100,True
C1-202610011740-7zBzrNNb,6h,2026-10-02T01:46:06Z,8.09,False,0.24456687712920516,38258.3279,2.64,0.44,False
C1-202610011740-HnhpJPJg,6h,2026-10-02T01:46:06Z,8.09,False,,,-100,-100,missing
C1-202610011740-BEmmTb85,6h,2026-10-02T01:46:06Z,8.09,False,,,-100,-100,missing
C1-202610011740-H6VaHkM4,6h,2026-10-02T01:46:06Z,8.09,False,,,-100,-100,missing
C1-202610011740-Aw7S3Kh7,6h,2026-10-02T01:46:06Z,8.09,False,,,-100,-100,missing
C1-202610011740-7U3sToH1,6h,2026-10-02T01:46:06Z,8.09,False,3.1233916862804955e-05,0.00236892766,-93.43,-100,True
C1-202610011825-GALE4iPE,6h,2026-10-02T01:46:06Z,7.34,False,,,-100,-100,missing
C1-202610011825-ASAxmEaT,6h,2026-10-02T01:46:06Z,7.34,False,149.1452257652841,344904.5155,-0.85,-1.59,False
C1-202610011825-2ZWxT3ni,6h,2026-10-02T01:46:06Z,7.34,False,,,-100,-100,missing
C1-202610011825-HjutGtwL,6h,2026-10-02T01:46:06Z,7.34,False,,,-100,-100,missing
C1-202610011825-J3Fn8VN6,6h,2026-10-02T01:46:06Z,7.34,False,0.002143091823899796,1.516094129e-05,101.59,-100,True
C1-202610011825-GdwvZhNu,6h,2026-10-02T01:46:06Z,7.34,False,9.93075274157727e-05,33027.0725,-79.93,-81.07,False
C1-202610011825-HrNjVeq6,6h,2026-10-02T01:46:06Z,7.34,False,2.249726494104067e-06,2435.4177,-99.24,-100,True
C1-202610011825-DH9jbFEX,6h,2026-10-02T01:46:06Z,7.34,False,,,-100,-100,missing
C1-202610011825-GE6QEGU9,6h,2026-10-02T01:46:06Z,7.34,False,0.24420573872658013,156654.3196,1.61,0.75,False
C1-202610011825-3ndjN1nJ,6h,2026-10-02T01:46:06Z,7.34,False,0.04101146517533299,2015756.845,-0.91,-1.53,False
C1-202610011825-DdQwcfAj,6h,2026-10-02T01:46:06Z,7.34,False,2.1090826711531696e-06,2175.0119,-99.83,-100,True
C1-202610011825-BxRhW4q1,6h,2026-10-02T01:46:06Z,7.34,False,0.05473273965022257,2829301.2707,-0.66,-1.27,False
C1-202610012225-ANcPJyoP,1h,2026-10-02T01:46:06Z,3.35,True,,,-100,-100,missing
C1-202610012225-CH5R3fw4,1h,2026-10-02T01:46:06Z,3.35,True,,,-100,-100,missing
C1-202610012225-3C5YE97H,1h,2026-10-02T01:46:06Z,3.35,True,,,-100,-100,missing
C1-202610012225-45ssPkUQ,1h,2026-10-02T01:46:06Z,3.35,True,,,-100,-100,missing
C1-202610012225-4qbokk9t,1h,2026-10-02T01:46:06Z,3.35,True,0.00015634213532823125,42132.1842,-53.15,-54.43,False
C1-202610012225-56YheczR,1h,2026-10-02T01:46:06Z,3.35,True,5.615078824702431e-05,43359.9633,-46.74,-47.99,False
C1-202610012225-E2dGLhYR,1h,2026-10-02T01:46:06Z,3.35,True,3.1403561287981648e-06,3560.8207,-99.31,-100,True
C1-202610012225-7Pj7jnEN,1h,2026-10-02T01:46:06Z,3.35,True,,,-100,-100,missing
C1-202610012225-AVYNs9cR,1h,2026-10-02T01:46:06Z,3.35,True,2.1374336528755497e-06,2146.6651,-99.74,-100,True
C1-202610012225-BCSe3Sed,1h,2026-10-02T01:46:06Z,3.35,True,,,-100,-100,missing
C1-202610012225-YdfDD2YE,1h,2026-10-02T01:46:06Z,3.35,True,4.359858157201546e-06,3381.3908,-79.16,-84.5,False
C1-202610012225-7RtqkktE,1h,2026-10-02T01:46:06Z,3.35,True,,,-100,-100,missing
C1-202610012225-827V45MW,1h,2026-10-02T01:46:06Z,3.35,True,2.3642459017554917e-06,2543.6441,-99.48,-100,True
C1-202610012225-Ckp1kwZq,1h,2026-10-02T01:46:06Z,3.35,True,2.044266886399532,253416.5848,-0.69,-1.45,False
C1-202610012225-G4U559n8,1h,2026-10-02T01:46:06Z,3.35,True,,,-100,-100,missing
C1-202610012225-3XLkRVg6,1h,2026-10-02T01:46:06Z,3.35,True,130.69020362350133,2290692.0088,0.88,0.26,False
