sic,trades,stocks,takeable,desc
2834,26395,523,12984,Pharmaceutical Preparations
7372,10012,255,6173,Services-Prepackaged Software
6199,3635,155,1628,Finance Services
2836,2995,151,1756,"Biological Products, (No Diagnostic Substances)"
3674,2384,85,1876,Semiconductors & Related Devices
7374,1430,79,899,Services-Computer Processing & Data Preparation
3841,1008,112,549,Surgical & Medical Instruments & Apparatus
7389,923,77,474,"Services-Business Services, NEC"
7370,913,73,533,"Services-Computer Programming, Data Processing, Etc."
1311,643,46,344,Crude Petroleum & Natural Gas
3690,547,37,237,"Miscellaneous Electrical Machinery, Equipment & Supplies"
7371,460,36,256,Services-Computer Programming Services
6770,440,148,173,Blank Checks
7373,425,46,251,Services-Computer Integrated Systems Design
1000,395,37,297,Metal Mining
6798,342,90,232,Real Estate Investment Trusts
4911,266,39,197,Electric Services
3663,178,16,139,Radio & Tv Broadcasting & Communications Equipment
1040,160,44,118,Gold and Silver Ores
6221,131,16,123,Commodity Contracts Brokers & Dealers
6531,116,15,76,Real Estate Agents & Managers (For Others)
8071,111,16,54,Services-Medical Laboratories
2833,95,15,52,Medicinal Chemicals & Botanical Products
3714,95,17,55,Motor Vehicle Parts & Accessories
5990,89,15,44,"Retail-Retail Stores, NEC"
3569,87,11,53,"General Industrial Machinery & Equipment, NEC"
5812,85,36,41,Retail-Eating  Places
3711,81,27,36,Motor Vehicles & Passenger Car Bodies
3620,81,11,71,Electrical Industrial Apparatus
4899,79,16,34,"Communications Services, NEC"
3845,77,21,37,Electromedical & Electrotherapeutic Apparatus
6029,74,18,53,"Commercial Banks, NEC"
6331,73,33,61,"Fire, Marine & Casualty Insurance"
6211,71,18,31,"Security Brokers, Dealers & Flotation Companies"
1700,61,19,36,Construction - Special Trade Contractors
1400,58,13,41,Mining & Quarrying of  Nonmetallic Minerals (No Fuels)
5961,53,20,27,Retail-Catalog & Mail-Order Houses
2835,50,15,22,In Vitro & In Vivo Diagnostic Substances
3679,45,9,26,"Electronic Components, NEC"
3559,36,8,25,"Special Industry Machinery, NEC"
2300,33,10,10,Apparel & Other Finishd Prods of  Fabrics & Similar Matl
8090,32,9,13,"Services-Misc Health & Allied Services, NEC"
3721,31,8,20,Aircraft
6141,30,12,25,Personal Credit Institutions
4412,29,29,19,Deep Sea Foreign Transportation of  Freight
3825,28,7,16,Instruments For Meas & Testing of  Electricity & Elec Signals
6035,26,26,5,"Savings Institution, Federally Chartered"
4841,26,13,23,Cable & Other Pay Television Services
3571,25,5,14,Electronic Computers
4812,25,9,21,Radiotelephone Communications
1389,23,8,18,"Oil & Gas Field Services, NEC"
8011,23,8,13,Services-Offices & Clinics of  Doctors of  Medicine
3826,23,11,12,Laboratory Analytical Instruments
3823,22,8,9,"Industrial Instruments For Measurement, Display, and Control"
2000,22,12,7,Food and Kindred Products
6282,20,20,6,Investment Advice
8731,20,9,12,Services-Commercial Physical & Biological Research
3533,20,7,9,Oil & Gas Field Machinery & Equipment
7510,20,5,5,Services-Auto Rental & Leasing (No Drivers)
7363,19,12,12,Services-Help Supply Services
8742,18,18,7,Services-Management Consulting Services
5500,18,11,12,Retail-Auto Dealers & Gasoline Stations
3590,17,5,2,Misc Industrial & Commercial Machinery & Equipment
3812,17,4,13,"Search, Detection, Navigation, Guidance, Aeronautical Sys"
7311,16,4,4,Services-Advertising Agencies
5651,15,3,10,Retail-Family Clothing Stores
6311,15,6,12,Life Insurance
3577,15,15,10,"Computer Peripheral Equipment, NEC"
6411,14,14,3,"Insurance Agents, Brokers & Service"
8000,14,10,5,Services-Health Services
4813,14,9,8,Telephone Communications (No Radiotelephone)
4924,14,3,0,Natural Gas Distribution
7900,13,13,7,Services-Amusement & Recreation Services
3669,12,12,8,"Communications Equipment, NEC"
3760,11,5,10,Guided Missiles & Space Vehicles & Parts
2080,11,11,5,Beverages
3572,10,3,9,Computer Storage Devices
5810,10,4,5,Retail-Eating & Drinking Places
3829,10,3,4,"Measuring & Controlling Devices, NEC"
3672,10,5,5,Printed Circuit Boards
1520,9,5,2,General Bldg Contractors - Residential Bldgs
3670,9,2,5,Electronic Components & Accessories
7990,9,9,5,Services-Miscellaneous Amusement & Recreation
3312,8,4,8,"Steel Works, Blast Furnaces & Rolling Mills (Coke Ovens)"
2860,8,8,4,Industrial Organic Chemicals
4700,8,4,2,Transportation Services
5900,8,8,2,Retail-Miscellaneous Retail
1531,8,3,5,Operative Builders
2844,8,8,1,"Perfumes, Cosmetics & Other Toilet Preparations"
3576,7,7,2,Computer Communications Equipment
1090,7,5,5,Miscellaneous Metal Ores
6794,7,7,2,Patent Owners & Lessors
4931,7,5,4,Electric & Other Services Combined
4400,7,7,4,Water Transportation
4213,7,5,5,Trucking (No Local)
3661,7,7,3,Telephone & Telegraph Apparatus
7200,6,6,3,Services-Personal Services
4833,6,5,5,Television Broadcasting Stations
7359,6,6,4,"Services-Equipment Rental & Leasing, NEC"
7830,6,3,2,Services-Motion Picture Theaters
2810,5,5,3,Industrial Inorganic Chemicals
3443,5,2,3,Fabricated Plate Work (Boiler Shops)
2800,5,4,3,Chemicals & Allied Products
3621,5,2,0,Motors & Generators
3089,5,5,3,"Plastics Products, NEC"
5912,4,4,2,Retail-Drug Stores and Proprietary Stores
1623,4,2,3,"Water, Sewer, Pipeline, Comm & Power Line Construction"
3480,4,4,4,"Ordnance & Accessories, (No Vehicles/Guided Missiles)"
2890,4,4,3,Miscellaneous Chemical Products
1220,3,3,2,Silver Ores
1600,3,3,2,Heavy Construction Other Than Bldg Const - Contractors
3140,3,3,3,"Footwear, (No Rubber)"
3560,3,3,2,General Industrial Machinery & Equipment
8711,3,3,2,Services-Engineering Services
5411,3,3,1,Retail-Grocery Stores
2510,3,3,2,Household Furniture
3330,3,1,3,Primary Smelting & Refining of  Nonferrous Metals
3851,3,2,2,Ophthalmic Goods
3585,3,3,2,Air-Cond & Warm Air Heatg Equip & Comm & Indl Refrig Equip
4512,2,2,1,"Air Transportation, Scheduled"
3433,2,1,0,"Heating Equipment, Except Electric & Warm Air Furnaces"
1731,2,1,1,Electrical Work
2086,2,2,2,Bottled & Canned Soft Drinks & Carbonated Waters
8741,2,2,2,Services-Management Services
6324,2,2,1,Hospital & Medical Service Plans
5700,2,2,2,"Retail-Home Furniture, Furnishings & Equipment Stores"
3827,2,2,0,Optical Instruments & Lenses
3561,2,2,1,Pumps & Pumping Equipment
5030,2,2,0,Wholesale-Lumber & Other Construction Materials
5531,2,2,1,Retail-Auto & Home Supply Stores
5661,2,2,2,Retail-Shoe Stores
5712,2,2,1,Retail-Furniture Stores
1381,1,1,1,Drilling Oil & Gas Wells
3100,1,1,0,Leather & Leather Products
3460,1,1,1,Metal Forgings & Stampings
3844,1,1,0,X-Ray Apparatus & Tubes & Related Irradiation Apparatus
5944,1,1,1,Retail-Jewelry Stores
6163,1,1,1,Loan Brokers
7350,1,1,1,Services-Miscellaneous Equipment Rental & Leasing
