execution_date,ticker,split_from,split_to,adjustment_type
2026-10-01,BGM,30.0,1.0,reverse_split
2026-10-01,KUST,10.0,1.0,reverse_split
2026-10-01,MYPS,10.0,1.0,reverse_split
2026-10-01,ZVLO,2000.0,1.0,reverse_split
2026-10-02,AETN,20.0,1.0,reverse_split
2026-10-02,RETO,20.0,1.0,reverse_split
2026-10-02,TLSS,5000.0,1.0,reverse_split
2026-10-02,ZCMD,2.0,1.0,reverse_split
2026-10-05,CMND,8.0,1.0,reverse_split
2026-10-05,GUTS,12.0,1.0,reverse_split
2026-10-05,SCNX,25.0,1.0,reverse_split
2026-10-05,VIVK,15.0,1.0,reverse_split
2026-10-05,VTAK,10.0,1.0,reverse_split
2026-10-06,ETHA,3.0,1.0,reverse_split
2026-10-06,GPMT,10.0,1.0,reverse_split
2026-10-06,ITOC,16.0,1.0,reverse_split
2026-10-06,RUBI,1.0,1.5,stock_dividend
2026-10-07,GCDT,6.0,1.0,reverse_split
2026-10-07,SUGP,6.0,1.0,reverse_split
2026-10-08,BSFC,1600.0,1.0,reverse_split
2026-10-08,GLE,10.0,1.0,reverse_split
2026-10-08,MGF,5.0,1.0,reverse_split
2026-10-08,MIN,6.0,1.0,reverse_split
2026-10-09,DXJ,1.0,3.0,forward_split
2026-10-12,DFLI,8.0,1.0,reverse_split
2026-10-12,MDCX,50.0,1.0,reverse_split
2026-10-12,NIVF,4.0,1.0,reverse_split
2026-10-12,NXGL,20.0,1.0,reverse_split
2026-10-12,POAS,15.0,1.0,reverse_split
2026-10-12,ZBAO,50.0,1.0,reverse_split
