ts,o,h,l,c,v,n
2025-02-03 00:00:00+00:00,100002060.0,100002060.0,6969696.0,6969696.0,5e-05,5
2025-02-04 00:00:00+00:00,6969696.0,6969696.0,6969696.0,6969696.0,0.0,0
2025-02-05 00:00:00+00:00,6969696.0,6969696.0,6969696.0,6969696.0,0.0,0
2025-02-06 00:00:00+00:00,6969696.0,6969696.0,6969696.0,6969696.0,0.0,0
2025-02-07 00:00:00+00:00,6969696.0,6969696.0,6969696.0,6969696.0,0.0,0
2025-02-08 00:00:00+00:00,7979573.0,7979573.0,7979573.0,7979573.0,1e-05,1
2025-02-09 00:00:00+00:00,7979573.0,7979573.0,7979573.0,7979573.0,0.0,0
2025-02-10 00:00:00+00:00,7979573.0,7979573.0,7979573.0,7979573.0,0.0,0
2025-02-11 00:00:00+00:00,7979573.0,7979573.0,7979573.0,7979573.0,0.0,0
2025-02-12 00:00:00+00:00,7979573.0,7979573.0,7979573.0,7979573.0,0.0,0
2025-02-13 00:00:00+00:00,7979573.0,7979573.0,7979573.0,7979573.0,0.0,0
2025-02-14 00:00:00+00:00,240000.0,240000.0,96000.0,97578.0,145.31151,8044
2025-02-15 00:00:00+00:00,97567.0,98000.0,97252.0,97597.0,159.6464,18185
2025-02-16 00:00:00+00:00,97581.0,97751.0,96210.0,96243.0,105.24122,17868
2025-02-17 00:00:00+00:00,96243.0,96991.0,95230.0,95773.0,238.75995,16682
2025-02-18 00:00:00+00:00,95775.0,96619.0,93320.0,95649.0,282.33549,28649
2025-02-19 00:00:00+00:00,95650.0,97000.0,95000.0,96677.0,247.12436,24926
2025-02-20 00:00:00+00:00,96676.0,98806.0,96445.0,98239.0,304.20087,33002
2025-02-21 00:00:00+00:00,98239.0,99481.0,94950.0,96192.0,317.57081,37258
2025-02-22 00:00:00+00:00,96191.0,97059.0,95301.0,96576.0,178.10208,25212
2025-02-23 00:00:00+00:00,96575.0,96660.0,95200.0,96312.0,101.56786,14952
2025-02-24 00:00:00+00:00,96311.0,96445.0,91352.0,91591.0,273.55206,26357
2025-02-25 00:00:00+00:00,91591.0,92575.0,86059.0,88609.0,576.21166,50907
2025-02-26 00:00:00+00:00,88580.0,89369.0,82222.0,84062.0,518.3873,44300
2025-02-27 00:00:00+00:00,84079.0,87003.0,82625.0,84658.0,277.18614,34759
2025-02-28 00:00:00+00:00,84653.0,85000.0,78259.0,84276.0,580.87834,52084
2025-03-01 00:00:00+00:00,84276.0,86472.0,83774.0,86043.0,213.57309,24671
2025-03-02 00:00:00+00:00,86034.0,95111.0,84830.0,94242.0,537.13268,45565
2025-03-03 00:00:00+00:00,94241.0,94391.0,85058.0,86152.0,506.18242,50176
2025-03-04 00:00:00+00:00,86151.0,88888.0,81321.0,87282.0,532.18194,43852
2025-03-05 00:00:00+00:00,87282.0,90972.0,86402.0,90595.0,389.16765,39202
2025-03-06 00:00:00+00:00,90594.0,92852.0,87772.0,89915.0,300.20325,28369
2025-03-07 00:00:00+00:00,89917.0,91505.0,85000.0,86790.0,524.18427,43139
2025-03-08 00:00:00+00:00,86789.0,86917.0,85206.0,86188.0,238.20935,21624
2025-03-09 00:00:00+00:00,86187.0,86488.0,79897.0,80684.0,352.65115,30850
2025-03-10 00:00:00+00:00,80699.0,84064.0,77475.0,78511.0,428.24648,39617
2025-03-11 00:00:00+00:00,78531.0,83590.0,76594.0,82888.0,609.08029,44387
2025-03-12 00:00:00+00:00,82888.0,84348.0,80568.0,83651.0,490.95456,43687
2025-03-13 00:00:00+00:00,83651.0,84299.0,79940.0,81068.0,347.7349,44248
2025-03-14 00:00:00+00:00,81067.0,85300.0,80741.0,83968.0,399.74793,38678
2025-03-15 00:00:00+00:00,83971.0,84703.0,83625.0,84349.0,204.12033,25648
2025-03-16 00:00:00+00:00,84348.0,84987.0,81974.0,82567.0,215.50108,29623
2025-03-17 00:00:00+00:00,82561.0,84758.0,82520.0,84010.0,243.03716,19661
2025-03-18 00:00:00+00:00,84009.0,84010.0,81010.0,82724.0,157.45412,16042
2025-03-19 00:00:00+00:00,82707.0,87000.0,82575.0,86814.0,321.43676,27527
2025-03-20 00:00:00+00:00,86813.0,87875.0,83693.0,84180.0,252.57349,17865
2025-03-21 00:00:00+00:00,84180.0,84807.0,83109.0,84054.0,323.95486,23804
2025-03-22 00:00:00+00:00,84066.0,84505.0,83643.0,83831.0,105.20719,8986
2025-03-23 00:00:00+00:00,83833.0,86098.0,83833.0,86054.0,111.66606,6759
2025-03-24 00:00:00+00:00,86086.0,88764.0,85570.0,87486.0,303.69697,19851
2025-03-25 00:00:00+00:00,87511.0,88550.0,86355.0,87428.0,225.49956,18941
2025-03-26 00:00:00+00:00,87423.0,88318.0,85861.0,86926.0,521.17418,40759
2025-03-27 00:00:00+00:00,86922.0,87768.0,85838.0,87217.0,286.85043,28417
2025-03-28 00:00:00+00:00,87216.0,87495.0,83546.0,84361.0,453.97721,40735
2025-03-29 00:00:00+00:00,84361.0,84573.0,81579.0,82621.0,373.88302,35577
2025-03-30 00:00:00+00:00,82615.0,83497.0,81551.0,82372.0,189.18054,19294
2025-03-31 00:00:00+00:00,82358.0,83885.0,81290.0,82555.0,453.17868,43080
2025-04-01 00:00:00+00:00,82553.0,85601.0,82453.0,85142.0,187.64368,18717
2025-04-02 00:00:00+00:00,85141.0,88449.0,82266.0,82467.0,247.48572,26868
2025-04-03 00:00:00+00:00,82468.0,83885.0,81200.0,83175.0,229.67511,23462
2025-04-04 00:00:00+00:00,83173.0,84685.0,81667.0,83872.0,370.04926,31600
2025-04-05 00:00:00+00:00,83869.0,84273.0,82356.0,83543.0,137.81195,17026
2025-04-06 00:00:00+00:00,83539.0,83760.0,77071.0,78255.0,398.21764,37195
2025-04-07 00:00:00+00:00,78254.0,81169.0,74444.0,79127.0,986.39459,62568
2025-04-08 00:00:00+00:00,79133.0,80811.0,76170.0,76281.0,475.40428,38893
2025-04-09 00:00:00+00:00,76275.0,83569.0,74588.0,82595.0,705.3546,50302
2025-04-10 00:00:00+00:00,82588.0,82716.0,78425.0,79556.0,576.61174,58529
2025-04-11 00:00:00+00:00,79556.0,84282.0,78922.0,83400.0,760.65976,74711
2025-04-12 00:00:00+00:00,83394.0,85906.0,82761.0,85277.0,335.41316,34726
2025-04-13 00:00:00+00:00,85259.0,86088.0,82976.0,83749.0,410.19879,51054
2025-04-14 00:00:00+00:00,83729.0,85799.0,83650.0,84577.0,385.35879,67217
2025-04-15 00:00:00+00:00,84577.0,86471.0,83592.0,83626.0,347.8794,68412
2025-04-16 00:00:00+00:00,83627.0,85701.0,83100.0,84034.0,560.12475,97817
2025-04-17 00:00:00+00:00,84024.0,85495.0,83718.0,84963.0,369.57668,91176
2025-04-18 00:00:00+00:00,84963.0,85124.0,84308.0,84467.0,194.09403,70943
2025-04-19 00:00:00+00:00,84466.0,85622.0,84343.0,85072.0,167.57553,36213
2025-04-20 00:00:00+00:00,84095.0,85266.0,83891.0,85161.0,100.9496,14456
2025-04-21 00:00:00+00:00,85160.0,88529.0,85145.0,87520.0,480.38034,60440
2025-04-22 00:00:00+00:00,87517.0,93871.0,87093.0,93478.0,503.07553,98371
2025-04-23 00:00:00+00:00,93478.0,94617.0,91910.0,93733.0,527.73303,56736
2025-04-24 00:00:00+00:00,93733.0,94099.0,91700.0,94048.0,268.77054,37392
2025-04-25 00:00:00+00:00,94048.0,95808.0,92886.0,94747.0,235.35526,34702
2025-04-26 00:00:00+00:00,94746.0,95282.0,93894.0,94658.0,171.22757,30110
2025-04-27 00:00:00+00:00,94657.0,95339.0,93657.0,93793.0,87.53691,25055
2025-04-28 00:00:00+00:00,93792.0,95655.0,92784.0,95036.0,237.02333,35796
2025-04-29 00:00:00+00:00,95035.0,95541.0,93757.0,94279.0,242.28352,39485
2025-04-30 00:00:00+00:00,94276.0,95264.0,92303.0,94206.0,296.00583,40713
2025-05-01 00:00:00+00:00,94205.0,97465.0,94176.0,96509.0,257.96938,34626
2025-05-02 00:00:00+00:00,96498.0,97996.0,96383.0,96898.0,251.3317,28612
2025-05-03 00:00:00+00:00,96897.0,96938.0,95801.0,95908.0,115.03457,21868
2025-05-04 00:00:00+00:00,95887.0,96280.0,94166.0,94312.0,97.02201,19315
2025-05-05 00:00:00+00:00,94283.0,95264.0,93533.0,94763.0,180.95845,32244
2025-05-06 00:00:00+00:00,94762.0,96888.0,93356.0,96810.0,252.71062,31829
2025-05-07 00:00:00+00:00,96809.0,97715.0,95816.0,97055.0,278.01531,38247
2025-05-08 00:00:00+00:00,97054.0,104198.0,96916.0,103310.0,338.69617,68834
2025-05-09 00:00:00+00:00,103308.0,104338.0,102340.0,102983.0,335.92246,69452
2025-05-10 00:00:00+00:00,102983.0,105087.0,102839.0,104850.0,225.25963,56259
2025-05-11 00:00:00+00:00,104850.0,105059.0,103338.0,104145.0,294.90588,64241
2025-05-12 00:00:00+00:00,104152.0,107663.0,100680.0,102820.0,336.43201,68183
2025-05-13 00:00:00+00:00,102820.0,105060.0,101424.0,104135.0,226.6667,48063
2025-05-14 00:00:00+00:00,104140.0,104305.0,102530.0,103535.0,159.77948,31000
2025-05-15 00:00:00+00:00,103534.0,104194.0,101400.0,103841.0,207.71972,38477
2025-05-16 00:00:00+00:00,103832.0,104600.0,103112.0,103437.0,208.51959,46874
2025-05-17 00:00:00+00:00,103437.0,103711.0,102123.0,103076.0,237.2064,39617
2025-05-18 00:00:00+00:00,103074.0,106731.0,103074.0,106579.0,275.69789,48758
2025-05-19 00:00:00+00:00,106529.0,107249.0,102175.0,105614.0,318.74784,61245
2025-05-20 00:00:00+00:00,105610.0,107383.0,104252.0,106888.0,342.20505,58037
2025-05-21 00:00:00+00:00,106889.0,110790.0,106000.0,109695.0,479.44514,90062
2025-05-22 00:00:00+00:00,109695.0,112063.0,109321.0,111950.0,613.05581,132554
2025-05-23 00:00:00+00:00,111950.0,112400.0,106869.0,107371.0,472.77671,121376
2025-05-24 00:00:00+00:00,107363.0,109500.0,106944.0,107807.0,229.25348,80274
2025-05-25 00:00:00+00:00,107806.0,109414.0,106666.0,109080.0,310.55016,89522
2025-05-26 00:00:00+00:00,109081.0,112400.0,108758.0,109547.0,366.46315,78041
2025-05-27 00:00:00+00:00,109541.0,112400.0,107592.0,108996.0,625.99066,94106
2025-05-28 00:00:00+00:00,108999.0,109306.0,106872.0,107851.0,377.16648,74196
2025-05-29 00:00:00+00:00,107849.0,109354.0,105310.0,105587.0,431.83471,76092
2025-05-30 00:00:00+00:00,105586.0,106386.0,103711.0,104058.0,403.27653,87109
2025-05-31 00:00:00+00:00,104053.0,104939.0,103135.0,104673.0,175.5561,53512
2025-06-01 00:00:00+00:00,104667.0,105930.0,103851.0,105672.0,171.98277,42634
2025-06-02 00:00:00+00:00,105677.0,106052.0,103500.0,105956.0,307.61962,70127
2025-06-03 00:00:00+00:00,105963.0,106858.0,104957.0,105406.0,278.36498,59167
2025-06-04 00:00:00+00:00,105406.0,106010.0,104274.0,104733.0,205.30729,63751
2025-06-05 00:00:00+00:00,104731.0,105942.0,100500.0,101581.0,459.11403,66033
2025-06-06 00:00:00+00:00,101576.0,105475.0,101195.0,104348.0,332.07455,82251
2025-06-07 00:00:00+00:00,104347.0,106000.0,103932.0,105664.0,156.00538,47706
2025-06-08 00:00:00+00:00,105662.0,106470.0,105178.0,105726.0,132.0849,40503
2025-06-09 00:00:00+00:00,105726.0,110609.0,105360.0,110270.0,396.12351,71121
2025-06-10 00:00:00+00:00,110269.0,110423.0,108340.0,110340.0,344.35892,69471
2025-06-11 00:00:00+00:00,110339.0,110469.0,108094.0,108721.0,372.82251,71481
2025-06-12 00:00:00+00:00,108720.0,108834.0,105752.0,105752.0,303.90999,68137
2025-06-13 00:00:00+00:00,105752.0,106169.0,102610.0,106096.0,711.80107,102143
2025-06-14 00:00:00+00:00,106095.0,106236.0,104304.0,105492.0,149.69587,49307
2025-06-15 00:00:00+00:00,105487.0,106221.0,104518.0,105678.0,211.07836,41747
2025-06-16 00:00:00+00:00,105659.0,109570.0,105005.0,106786.0,400.82072,66213
2025-06-17 00:00:00+00:00,106810.0,107790.0,103337.0,104632.0,400.20768,73092
2025-06-18 00:00:00+00:00,104635.0,105630.0,103571.0,104922.0,349.40284,64172
2025-06-19 00:00:00+00:00,104920.0,105275.0,103900.0,104690.0,188.5405,53089
2025-06-20 00:00:00+00:00,104688.0,106603.0,102079.0,103284.0,474.42982,73840
2025-06-21 00:00:00+00:00,103283.0,104022.0,100899.0,102168.0,306.5304,52538
2025-06-22 00:00:00+00:00,102167.0,105858.0,98290.0,101033.0,682.97188,81529
2025-06-23 00:00:00+00:00,101032.0,106206.0,99711.0,105444.0,743.63691,91524
2025-06-24 00:00:00+00:00,105434.0,107300.0,104655.0,106286.0,414.88054,74394
2025-06-25 00:00:00+00:00,106286.0,108130.0,105905.0,107356.0,510.9509,65718
2025-06-26 00:00:00+00:00,107355.0,108298.0,106657.0,106945.0,271.66344,64417
2025-06-27 00:00:00+00:00,106946.0,107727.0,106432.0,107095.0,167.32396,49658
2025-06-28 00:00:00+00:00,107094.0,107591.0,106878.0,107344.0,145.72348,24351
2025-06-29 00:00:00+00:00,107344.0,108570.0,107230.0,108418.0,215.31286,41281
2025-06-30 00:00:00+00:00,108417.0,108851.0,106751.0,107167.0,238.92588,64620
2025-07-01 00:00:00+00:00,107166.0,107564.0,105246.0,105676.0,344.50325,81592
2025-07-02 00:00:00+00:00,105676.0,109750.0,105101.0,108902.0,425.41001,90711
2025-07-03 00:00:00+00:00,108902.0,110572.0,108600.0,109642.0,302.58619,82985
2025-07-04 00:00:00+00:00,109641.0,109782.0,107293.0,108031.0,321.13097,75300
2025-07-05 00:00:00+00:00,108030.0,108435.0,107788.0,108201.0,174.04924,45140
2025-07-06 00:00:00+00:00,108200.0,109781.0,107830.0,109279.0,213.80391,64876
2025-07-07 00:00:00+00:00,109271.0,109740.0,107566.0,108275.0,282.20404,82100
2025-07-08 00:00:00+00:00,108272.0,109217.0,107450.0,108938.0,225.65732,77795
2025-07-09 00:00:00+00:00,108941.0,112103.0,108381.0,111310.0,400.73447,118214
2025-07-10 00:00:00+00:00,111309.0,117000.0,110611.0,115961.0,517.36006,116455
2025-07-11 00:00:00+00:00,115961.0,118843.0,115244.0,117923.0,607.35851,147090
2025-07-12 00:00:00+00:00,117923.0,118257.0,116962.0,117417.0,321.56622,86863
2025-07-13 00:00:00+00:00,117416.0,119509.0,117261.0,119136.0,305.36454,87619
2025-07-14 00:00:00+00:00,119138.0,123186.0,118971.0,119929.0,614.81713,146107
2025-07-15 00:00:00+00:00,119929.0,120029.0,115681.0,117757.0,681.62628,154234
2025-07-16 00:00:00+00:00,117756.0,120076.0,117069.0,118687.0,459.81827,108886
2025-07-17 00:00:00+00:00,118668.0,120998.0,117520.0,119262.0,568.66143,118929
2025-07-18 00:00:00+00:00,119261.0,120895.0,116851.0,117989.0,365.43111,111657
2025-07-19 00:00:00+00:00,117989.0,118560.0,117310.0,117896.0,231.49108,68597
2025-07-20 00:00:00+00:00,117895.0,118873.0,116535.0,117281.0,328.25288,98282
2025-07-21 00:00:00+00:00,117281.0,119720.0,116542.0,117424.0,380.21352,141311
2025-07-22 00:00:00+00:00,117424.0,120344.0,116184.0,120053.0,492.54085,162860
2025-07-23 00:00:00+00:00,120052.0,120210.0,117350.0,118782.0,451.71649,152648
2025-07-24 00:00:00+00:00,118782.0,119513.0,117129.0,118358.0,388.91064,138194
2025-07-25 00:00:00+00:00,118357.0,118491.0,114800.0,117636.0,574.66504,148327
2025-07-26 00:00:00+00:00,117635.0,118322.0,117181.0,117902.0,254.376,73793
2025-07-27 00:00:00+00:00,117902.0,119794.0,117840.0,119442.0,525.88465,107174
2025-07-28 00:00:00+00:00,119441.0,119819.0,117418.0,118071.0,673.2041,169928
2025-07-29 00:00:00+00:00,118070.0,119204.0,117000.0,117953.0,523.88224,189966
2025-07-30 00:00:00+00:00,117953.0,118696.0,115882.0,117824.0,703.55984,211286
2025-07-31 00:00:00+00:00,117823.0,118900.0,115418.0,115637.0,838.03017,207339
2025-08-01 00:00:00+00:00,115636.0,115993.0,112653.0,113228.0,868.71426,210851
2025-08-02 00:00:00+00:00,113226.0,114043.0,111976.0,112535.0,353.79409,138439
2025-08-03 00:00:00+00:00,112534.0,114777.0,111942.0,114212.0,273.72472,130795
2025-08-04 00:00:00+00:00,114211.0,115744.0,114088.0,115055.0,298.69824,127449
2025-08-05 00:00:00+00:00,115054.0,115117.0,112672.0,114106.0,379.23885,131409
2025-08-06 00:00:00+00:00,114103.0,115707.0,113344.0,115003.0,356.78898,117021
2025-08-07 00:00:00+00:00,115001.0,117698.0,114285.0,117538.0,308.3123,76513
2025-08-08 00:00:00+00:00,117538.0,117689.0,115910.0,116690.0,356.69109,133330
2025-08-09 00:00:00+00:00,116689.0,117963.0,116318.0,116479.0,520.29509,160572
2025-08-10 00:00:00+00:00,116478.0,119300.0,116465.0,119300.0,471.14398,166214
2025-08-11 00:00:00+00:00,119299.0,122259.0,118140.0,118703.0,628.57314,197739
2025-08-12 00:00:00+00:00,118702.0,120283.0,118210.0,120090.0,678.9161,179978
2025-08-13 00:00:00+00:00,120089.0,123778.0,118892.0,123425.0,1109.75507,213157
2025-08-14 00:00:00+00:00,123424.0,124593.0,117250.0,118390.0,1183.03373,216660
2025-08-15 00:00:00+00:00,118390.0,119347.0,116821.0,117385.0,850.64871,180144
2025-08-16 00:00:00+00:00,117385.0,117964.0,117211.0,117442.0,398.20043,101319
2025-08-17 00:00:00+00:00,117443.0,118638.0,117242.0,117465.0,241.20384,67360
2025-08-18 00:00:00+00:00,117464.0,117603.0,114221.0,116267.0,463.3339,74462
2025-08-19 00:00:00+00:00,116265.0,116749.0,112688.0,112829.0,433.17249,64095
2025-08-20 00:00:00+00:00,112828.0,114576.0,111796.0,114233.0,1614.41481,128542
2025-08-21 00:00:00+00:00,114233.0,114771.0,111946.0,112449.0,3489.50594,156398
2025-08-22 00:00:00+00:00,112449.0,117355.0,111615.0,116871.0,4393.5952,149124
2025-08-23 00:00:00+00:00,116870.0,116930.0,114365.0,115330.0,4775.98626,131493
2025-08-24 00:00:00+00:00,115329.0,115525.0,110734.0,113438.0,13421.6385,246610
2025-08-25 00:00:00+00:00,113445.0,113595.0,109265.0,110101.0,3908.51944,98130
2025-08-26 00:00:00+00:00,110100.0,112337.0,108333.0,111762.0,5549.58237,94609
2025-08-27 00:00:00+00:00,111761.0,112638.0,110377.0,111200.0,500.42691,51894
2025-08-28 00:00:00+00:00,111199.0,113468.0,110871.0,112535.0,461.95668,39882
2025-08-29 00:00:00+00:00,112535.0,112620.0,107500.0,108376.0,3837.77107,107529
2025-08-30 00:00:00+00:00,108376.0,108949.0,107391.0,108841.0,3748.61147,86398
2025-08-31 00:00:00+00:00,108836.0,109501.0,107981.0,108214.0,5126.56073,89041
2025-09-01 00:00:00+00:00,108230.0,109898.0,107249.0,109248.0,2712.78597,66753
2025-09-02 00:00:00+00:00,109248.0,111771.0,108429.0,111245.0,550.02942,77815
2025-09-03 00:00:00+00:00,111244.0,112582.0,110578.0,111750.0,399.08632,62411
2025-09-04 00:00:00+00:00,111749.0,112229.0,109363.0,110754.0,436.81163,43463
2025-09-05 00:00:00+00:00,110741.0,113380.0,110234.0,110670.0,656.64384,47315
2025-09-06 00:00:00+00:00,110669.0,111315.0,110017.0,110228.0,419.664,34220
2025-09-07 00:00:00+00:00,110222.0,111594.0,110222.0,111170.0,528.64618,38053
2025-09-08 00:00:00+00:00,111169.0,112947.0,110642.0,112110.0,768.76206,50936
2025-09-09 00:00:00+00:00,112110.0,113271.0,110781.0,111550.0,1244.6486,75091
2025-09-10 00:00:00+00:00,111549.0,114338.0,110941.0,113996.0,1808.08071,114393
2025-09-11 00:00:00+00:00,113997.0,115550.0,113462.0,115538.0,3672.21031,215509
2025-09-12 00:00:00+00:00,115538.0,116812.0,114778.0,116110.0,4260.20326,323140
2025-09-13 00:00:00+00:00,116110.0,116371.0,115250.0,116002.0,3744.79439,322596
2025-09-14 00:00:00+00:00,116002.0,116219.0,115208.0,115372.0,6024.64395,384945
2025-09-15 00:00:00+00:00,115371.0,116768.0,114451.0,115409.0,1540.8545,225464
2025-09-16 00:00:00+00:00,115409.0,117000.0,114800.0,116825.0,1551.16063,163792
2025-09-17 00:00:00+00:00,116825.0,117324.0,114848.0,116497.0,2020.96414,204362
2025-09-18 00:00:00+00:00,116497.0,117971.0,116204.0,117151.0,1424.20657,133772
2025-09-19 00:00:00+00:00,117150.0,117524.0,115192.0,115700.0,1126.84814,125749
2025-09-20 00:00:00+00:00,115700.0,116195.0,115483.0,115743.0,1024.78514,83592
2025-09-21 00:00:00+00:00,115743.0,115897.0,115271.0,115293.0,638.45811,51923
2025-09-22 00:00:00+00:00,115293.0,115436.0,111910.0,112762.0,1457.71747,82127
2025-09-23 00:00:00+00:00,112762.0,113345.0,111539.0,112021.0,775.86164,66649
2025-09-24 00:00:00+00:00,112020.0,113989.0,111111.0,113348.0,691.84237,68200
2025-09-25 00:00:00+00:00,113348.0,113750.0,108688.0,109041.0,1320.54075,103956
2025-09-26 00:00:00+00:00,109040.0,110364.0,108727.0,109729.0,912.43523,63341
2025-09-27 00:00:00+00:00,109729.0,109893.0,109185.0,109693.0,478.7008,38563
2025-09-28 00:00:00+00:00,109692.0,112392.0,109245.0,112216.0,325.60126,51078
2025-09-29 00:00:00+00:00,112215.0,114519.0,111607.0,114404.0,811.78551,84472
2025-09-30 00:00:00+00:00,114404.0,114859.0,112740.0,114052.0,853.57031,83557
2025-10-01 00:00:00+00:00,114051.0,118689.0,114036.0,118646.0,803.51078,73447
2025-10-02 00:00:00+00:00,118646.0,121115.0,118394.0,120628.0,662.70889,60654
2025-10-03 00:00:00+00:00,120627.0,123999.0,119362.0,122318.0,928.08288,58436
2025-10-04 00:00:00+00:00,122317.0,122923.0,121629.0,122472.0,625.04082,46277
2025-10-05 00:00:00+00:00,122471.0,125800.0,122246.0,123540.0,664.67569,47262
2025-10-06 00:00:00+00:00,123537.0,126400.0,123180.0,124725.0,1283.73393,64316
2025-10-07 00:00:00+00:00,124733.0,125240.0,120006.0,121461.0,2511.75437,96818
2025-10-08 00:00:00+00:00,121461.0,124242.0,120939.0,123367.0,3287.51495,111509
2025-10-09 00:00:00+00:00,123366.0,123786.0,119735.0,121695.0,1290.24198,90311
2025-10-10 00:00:00+00:00,121695.0,123437.0,100100.0,113001.0,2381.4792,131660
2025-10-11 00:00:00+00:00,112966.0,113571.0,109742.0,110744.0,1550.3605,104038
2025-10-12 00:00:00+00:00,110744.0,115990.0,109667.0,115059.0,1145.62777,101088
2025-10-13 00:00:00+00:00,115059.0,116005.0,113777.0,115246.0,925.01837,102631
2025-10-14 00:00:00+00:00,115245.0,115541.0,110000.0,113100.0,990.242,89376
2025-10-15 00:00:00+00:00,113105.0,113684.0,110255.0,110783.0,674.08804,78627
2025-10-16 00:00:00+00:00,110786.0,111992.0,107520.0,108215.0,1122.63868,88612
2025-10-17 00:00:00+00:00,108215.0,109233.0,103562.0,106496.0,1534.12004,90346
2025-10-18 00:00:00+00:00,106496.0,107546.0,106395.0,107215.0,650.62616,77662
2025-10-19 00:00:00+00:00,107214.0,109467.0,106144.0,108671.0,649.16206,67640
2025-10-20 00:00:00+00:00,108671.0,111697.0,107500.0,110584.0,635.36814,51226
2025-10-21 00:00:00+00:00,110584.0,114057.0,107500.0,108350.0,1159.03225,56124
2025-10-22 00:00:00+00:00,108345.0,109174.0,106750.0,107608.0,575.72909,54350
2025-10-23 00:00:00+00:00,107609.0,111342.0,107561.0,110126.0,528.35327,38371
2025-10-24 00:00:00+00:00,110126.0,112290.0,109777.0,111048.0,606.48819,61197
2025-10-25 00:00:00+00:00,111048.0,111940.0,110732.0,111649.0,454.51897,46541
2025-10-26 00:00:00+00:00,111649.0,115337.0,111271.0,114572.0,518.17491,70664
2025-10-27 00:00:00+00:00,114572.0,116364.0,113877.0,114138.0,743.10348,85681
2025-10-28 00:00:00+00:00,114131.0,116141.0,112249.0,112934.0,913.81564,79675
2025-10-29 00:00:00+00:00,112933.0,113659.0,109386.0,110065.0,815.64909,86595
2025-10-30 00:00:00+00:00,110058.0,111631.0,106303.0,108316.0,877.39147,84610
2025-10-31 00:00:00+00:00,108314.0,111068.0,108272.0,109571.0,632.2389,73597
2025-11-01 00:00:00+00:00,109570.0,110528.0,109367.0,110065.0,393.62126,49775
2025-11-02 00:00:00+00:00,110065.0,111398.0,109510.0,110558.0,698.7773,80165
2025-11-03 00:00:00+00:00,110553.0,110756.0,105320.0,106560.0,1154.63815,67963
2025-11-04 00:00:00+00:00,106560.0,107268.0,98942.0,101486.0,1646.78942,79048
2025-11-05 00:00:00+00:00,101492.0,104540.0,99000.0,103910.0,867.61964,55608
2025-11-06 00:00:00+00:00,103893.0,104268.0,100279.0,101304.0,1182.44537,57765
2025-11-07 00:00:00+00:00,101304.0,104078.0,99230.0,103293.0,926.99863,54432
2025-11-08 00:00:00+00:00,103292.0,103344.0,101447.0,102287.0,1240.31877,67021
2025-11-09 00:00:00+00:00,102287.0,105439.0,101405.0,104740.0,531.90487,49702
2025-11-10 00:00:00+00:00,104740.0,106624.0,104268.0,105970.0,823.27095,76128
2025-11-11 00:00:00+00:00,105970.0,107468.0,102449.0,103024.0,965.08531,63708
2025-11-12 00:00:00+00:00,103023.0,105303.0,100836.0,101657.0,764.62537,50503
2025-11-13 00:00:00+00:00,101657.0,104000.0,97978.0,99655.0,1033.03947,57475
2025-11-14 00:00:00+00:00,99654.0,99830.0,94000.0,94506.0,1463.47066,75626
2025-11-15 00:00:00+00:00,94509.0,96780.0,94509.0,95537.0,652.33904,49794
2025-11-16 00:00:00+00:00,95543.0,96562.0,92952.0,94184.0,1009.3095,70649
2025-11-17 00:00:00+00:00,94184.0,95929.0,91222.0,92123.0,1429.14719,96254
2025-11-18 00:00:00+00:00,92123.0,93789.0,89244.0,92910.0,1240.08865,64394
2025-11-19 00:00:00+00:00,92910.0,92920.0,88559.0,91496.0,1181.53302,56293
2025-11-20 00:00:00+00:00,91492.0,93098.0,86041.0,86570.0,1753.57824,64731
2025-11-21 00:00:00+00:00,86553.0,87381.0,80580.0,85082.0,1800.35292,66019
2025-11-22 00:00:00+00:00,85088.0,85544.0,83478.0,84717.0,709.89808,34303
2025-11-23 00:00:00+00:00,84716.0,88105.0,84555.0,86824.0,879.79037,33186
2025-11-24 00:00:00+00:00,86823.0,89219.0,85260.0,88278.0,843.11825,32540
2025-11-25 00:00:00+00:00,88278.0,88476.0,86115.0,87337.0,797.99945,38980
2025-11-26 00:00:00+00:00,87336.0,90620.0,86273.0,90484.0,781.98345,35079
2025-11-27 00:00:00+00:00,90484.0,91935.0,90114.0,91364.0,751.58257,34190
2025-11-28 00:00:00+00:00,91364.0,93046.0,90258.0,90923.0,923.42058,40928
2025-11-29 00:00:00+00:00,90922.0,91237.0,90212.0,90837.0,522.86987,47496
2025-11-30 00:00:00+00:00,90836.0,91973.0,90352.0,90384.0,416.81702,35232
2025-12-01 00:00:00+00:00,90371.0,90414.0,83861.0,86306.0,1489.68163,57126
2025-12-02 00:00:00+00:00,86283.0,92392.0,86200.0,91331.0,1033.31401,42345
2025-12-03 00:00:00+00:00,91330.0,94179.0,91044.0,93458.0,602.34507,41867
2025-12-04 00:00:00+00:00,93456.0,94081.0,90852.0,92096.0,603.99557,40609
2025-12-05 00:00:00+00:00,92095.0,92717.0,88141.0,89363.0,537.74609,33413
2025-12-06 00:00:00+00:00,89362.0,90259.0,88940.0,89216.0,373.77249,20288
2025-12-07 00:00:00+00:00,89246.0,91774.0,87703.0,90411.0,291.6834,25212
2025-12-08 00:00:00+00:00,90407.0,92296.0,89643.0,90646.0,454.72591,40106
2025-12-09 00:00:00+00:00,90646.0,94596.0,89570.0,92705.0,537.70195,32288
2025-12-10 00:00:00+00:00,92704.0,94500.0,91617.0,92039.0,534.66761,34338
2025-12-11 00:00:00+00:00,92047.0,93587.0,89302.0,92507.0,501.63523,36211
2025-12-12 00:00:00+00:00,92539.0,92766.0,89523.0,90280.0,334.59354,21266
2025-12-13 00:00:00+00:00,90279.0,90663.0,89789.0,90269.0,228.71507,20125
2025-12-14 00:00:00+00:00,90269.0,90474.0,87628.0,88171.0,394.55234,25969
2025-12-15 00:00:00+00:00,88168.0,90037.0,85182.0,86437.0,371.86976,33109
2025-12-16 00:00:00+00:00,86436.0,88175.0,85306.0,87844.0,806.50773,37502
2025-12-17 00:00:00+00:00,87844.0,90344.0,85325.0,86192.0,833.58099,57341
2025-12-18 00:00:00+00:00,86229.0,89453.0,84444.0,85464.0,981.45639,41847
2025-12-19 00:00:00+00:00,85464.0,89371.0,85103.0,88101.0,613.31649,33011
2025-12-20 00:00:00+00:00,88101.0,88528.0,87772.0,88351.0,414.45577,26563
2025-12-21 00:00:00+00:00,88345.0,89065.0,87587.0,88639.0,351.53846,32784
2025-12-22 00:00:00+00:00,88638.0,90540.0,87918.0,88572.0,376.7564,39359
2025-12-23 00:00:00+00:00,88578.0,88901.0,86600.0,87445.0,389.0847,43317
2025-12-24 00:00:00+00:00,87443.0,87985.0,86427.0,87633.0,374.65233,30681
2025-12-25 00:00:00+00:00,87632.0,88557.0,86921.0,87198.0,402.27992,37468
2025-12-26 00:00:00+00:00,87197.0,89500.0,86636.0,87316.0,689.94123,64933
2025-12-27 00:00:00+00:00,87315.0,87947.0,87206.0,87818.0,387.69682,41417
2025-12-28 00:00:00+00:00,87823.0,88029.0,87379.0,87885.0,594.64748,42444
2025-12-29 00:00:00+00:00,87897.0,90319.0,86750.0,87159.0,685.83146,55196
2025-12-30 00:00:00+00:00,87156.0,89323.0,86761.0,88404.0,759.69561,54093
2025-12-31 00:00:00+00:00,88404.0,89064.0,87150.0,87541.0,870.27005,43559
2026-01-01 00:00:00+00:00,87540.0,88824.0,87450.0,88759.0,673.09203,65042
2026-01-02 00:00:00+00:00,88758.0,90923.0,88327.0,89979.0,770.05071,69465
2026-01-03 00:00:00+00:00,89978.0,90700.0,89301.0,90620.0,468.53474,35057
2026-01-04 00:00:00+00:00,90620.0,91767.0,90620.0,91525.0,151.62243,11646
2026-01-05 00:00:00+00:00,91524.0,94785.0,91491.0,93882.0,438.68955,19080
2026-01-06 00:00:00+00:00,93882.0,94421.0,91250.0,93720.0,465.96326,21110
2026-01-07 00:00:00+00:00,93737.0,93738.0,90626.0,91297.0,308.2062,17655
2026-01-08 00:00:00+00:00,91297.0,91589.0,89250.0,91043.0,245.8293,12433
2026-01-09 00:00:00+00:00,91044.0,91931.0,89609.0,90511.0,309.71623,13510
2026-01-10 00:00:00+00:00,90520.0,90722.0,90298.0,90396.0,61.71102,2982
2026-01-11 00:00:00+00:00,90400.0,91156.0,90152.0,90872.0,175.28965,5373
2026-01-12 00:00:00+00:00,90878.0,92406.0,90053.0,91212.0,263.47016,15027
2026-01-13 00:00:00+00:00,91211.0,96451.0,90985.0,95388.0,431.96029,17919
2026-01-14 00:00:00+00:00,95395.0,97929.0,94543.0,96954.0,428.26472,13967
2026-01-15 00:00:00+00:00,96954.0,97184.0,95099.0,95582.0,397.16186,11903
2026-01-16 00:00:00+00:00,95582.0,95833.0,94264.0,95542.0,173.31925,7320
2026-01-17 00:00:00+00:00,95541.0,95623.0,95016.0,95128.0,55.50338,3937
2026-01-18 00:00:00+00:00,95131.0,95502.0,93601.0,93668.0,92.52176,4198
2026-01-19 00:00:00+00:00,93639.0,93649.0,91929.0,92582.0,276.45409,9947
2026-01-20 00:00:00+00:00,92581.0,92815.0,87786.0,88315.0,815.59249,26605
2026-01-21 00:00:00+00:00,88323.0,90500.0,87205.0,89383.0,497.84975,13711
2026-01-22 00:00:00+00:00,89375.0,90270.0,88470.0,89461.0,356.08977,10274
2026-01-23 00:00:00+00:00,89474.0,91171.0,88485.0,89494.0,275.19868,24465
2026-01-24 00:00:00+00:00,89494.0,89810.0,89050.0,89111.0,234.02348,12342
2026-01-25 00:00:00+00:00,89104.0,89192.0,86006.0,86580.0,395.82158,23682
2026-01-26 00:00:00+00:00,86579.0,88776.0,86454.0,88301.0,268.84595,11945
2026-01-27 00:00:00+00:00,88298.0,89424.0,87233.0,89135.0,242.68328,11677
2026-01-28 00:00:00+00:00,89132.0,90467.0,88736.0,89191.0,432.49031,20169
2026-01-29 00:00:00+00:00,89188.0,89219.0,83288.0,84528.0,740.07151,28047
2026-01-30 00:00:00+00:00,84524.0,84606.0,81050.0,84150.0,848.45133,43851
2026-01-31 00:00:00+00:00,84150.0,84160.0,76000.0,78665.0,1206.16621,39196
2026-02-01 00:00:00+00:00,78664.0,79343.0,75692.0,76896.0,648.1928,23970
2026-02-02 00:00:00+00:00,76898.0,79297.0,74638.0,78693.0,783.33161,30965
2026-02-03 00:00:00+00:00,78691.0,79121.0,72930.0,75672.0,930.44282,31438
2026-02-04 00:00:00+00:00,75672.0,76869.0,71765.0,73019.0,768.27396,27407
2026-02-05 00:00:00+00:00,73013.0,73183.0,62620.0,62805.0,3449.78232,103868
2026-02-06 00:00:00+00:00,62800.0,71678.0,60100.0,70521.0,2809.70928,81220
2026-02-07 00:00:00+00:00,70519.0,71619.0,67569.0,69267.0,897.84004,22571
2026-02-08 00:00:00+00:00,69254.0,72216.0,68849.0,70309.0,588.51617,16385
2026-02-09 00:00:00+00:00,70309.0,71382.0,68282.0,70122.0,514.01064,16314
2026-02-10 00:00:00+00:00,70127.0,70489.0,67894.0,68787.0,434.95256,14394
2026-02-11 00:00:00+00:00,68811.0,69249.0,65755.0,67026.0,688.85562,21832
2026-02-12 00:00:00+00:00,67035.0,68368.0,65100.0,66206.0,537.04363,17469
2026-02-13 00:00:00+00:00,66215.0,69415.0,65814.0,68874.0,368.27922,16073
2026-02-14 00:00:00+00:00,68834.0,70512.0,68702.0,69753.0,164.11736,12815
2026-02-15 00:00:00+00:00,69787.0,70940.0,68055.0,68783.0,241.27283,14561
2026-02-16 00:00:00+00:00,68782.0,70086.0,67274.0,68849.0,238.33906,15314
2026-02-17 00:00:00+00:00,68864.0,69203.0,66606.0,67467.0,310.43102,14563
2026-02-18 00:00:00+00:00,67476.0,68431.0,65858.0,66447.0,317.40109,12178
2026-02-19 00:00:00+00:00,66444.0,67274.0,65634.0,66963.0,374.87793,16076
2026-02-20 00:00:00+00:00,66962.0,68286.0,66444.0,67996.0,343.61399,10457
2026-02-21 00:00:00+00:00,67984.0,68659.0,67536.0,68014.0,150.98268,6114
2026-02-22 00:00:00+00:00,67969.0,68235.0,67182.0,67621.0,209.65874,5655
2026-02-23 00:00:00+00:00,67622.0,67642.0,63883.0,64630.0,746.60334,19583
2026-02-24 00:00:00+00:00,64635.0,65017.0,62516.0,64032.0,1062.24135,21501
2026-02-25 00:00:00+00:00,64064.0,69977.0,63920.0,67998.0,999.94381,21433
2026-02-26 00:00:00+00:00,67998.0,68850.0,66524.0,67467.0,399.49509,13494
2026-02-27 00:00:00+00:00,67478.0,68220.0,64921.0,65874.0,463.57225,9963
2026-02-28 00:00:00+00:00,65873.0,67750.0,63047.0,66966.0,687.55152,21577
2026-03-01 00:00:00+00:00,66963.0,68185.0,65067.0,65766.0,696.52533,15992
2026-03-02 00:00:00+00:00,65768.0,70118.0,65265.0,68816.0,792.02832,18302
2026-03-03 00:00:00+00:00,68832.0,69212.0,66182.0,68330.0,686.76819,17967
2026-03-04 00:00:00+00:00,68341.0,74000.0,67411.0,72686.0,1263.38757,23908
2026-03-05 00:00:00+00:00,72681.0,73565.0,70662.0,70878.0,664.83124,19100
2026-03-06 00:00:00+00:00,70878.0,71428.0,67735.0,68122.0,865.88035,17947
2026-03-07 00:00:00+00:00,68119.0,68535.0,66970.0,67265.0,258.63976,6624
2026-03-08 00:00:00+00:00,67248.0,68177.0,65618.0,65984.0,432.87093,13320
2026-03-09 00:00:00+00:00,65976.0,69509.0,65844.0,68430.0,738.94835,14377
2026-03-10 00:00:00+00:00,68429.0,71774.0,68397.0,69966.0,612.35505,14909
2026-03-11 00:00:00+00:00,69956.0,71330.0,68992.0,70192.0,772.31748,15493
2026-03-12 00:00:00+00:00,70197.0,70800.0,69228.0,70536.0,846.16527,17837
2026-03-13 00:00:00+00:00,70535.0,73920.0,70405.0,70932.0,769.24439,22526
2026-03-14 00:00:00+00:00,70931.0,71310.0,70357.0,71217.0,292.09786,12070
2026-03-15 00:00:00+00:00,71216.0,73200.0,70863.0,72832.0,315.84675,12142
2026-03-16 00:00:00+00:00,72828.0,74911.0,72301.0,74889.0,617.58745,23869
2026-03-17 00:00:00+00:00,74887.0,76000.0,73431.0,73918.0,644.71203,31380
2026-03-18 00:00:00+00:00,73918.0,74679.0,70505.0,71243.0,565.24826,19332
2026-03-19 00:00:00+00:00,71242.0,71602.0,68801.0,69935.0,573.52888,16399
2026-03-20 00:00:00+00:00,69937.0,71347.0,69397.0,70511.0,414.05414,13275
2026-03-21 00:00:00+00:00,70507.0,71072.0,68591.0,68893.0,173.2293,10484
2026-03-22 00:00:00+00:00,68904.0,69561.0,67368.0,67842.0,434.5729,13035
2026-03-23 00:00:00+00:00,67840.0,71785.0,67448.0,70895.0,924.34896,21594
2026-03-24 00:00:00+00:00,70876.0,71375.0,68915.0,70538.0,334.79714,12638
2026-03-25 00:00:00+00:00,70531.0,72016.0,70390.0,71313.0,301.91744,15215
2026-03-26 00:00:00+00:00,71312.0,71406.0,68121.0,68778.0,536.66735,11753
2026-03-27 00:00:00+00:00,68777.0,69142.0,65521.0,66376.0,637.60522,21049
2026-03-28 00:00:00+00:00,66374.0,67239.0,65909.0,66339.0,321.43348,7289
2026-03-29 00:00:00+00:00,66339.0,67059.0,64969.0,65968.0,372.03074,14189
2026-03-30 00:00:00+00:00,65968.0,68096.0,65761.0,66746.0,499.56083,15855
2026-03-31 00:00:00+00:00,66745.0,68536.0,65972.0,68251.0,596.05362,22662
2026-04-01 00:00:00+00:00,68256.0,69280.0,67559.0,68093.0,283.05152,12698
2026-04-02 00:00:00+00:00,68115.0,68629.0,65730.0,66889.0,365.2591,18445
2026-04-03 00:00:00+00:00,66901.0,67360.0,66287.0,66945.0,211.23245,8848
2026-04-04 00:00:00+00:00,66951.0,67522.0,66772.0,67290.0,264.8537,4187
2026-04-05 00:00:00+00:00,67294.0,69107.0,66596.0,68990.0,306.17292,7627
2026-04-06 00:00:00+00:00,69008.0,70347.0,68348.0,68855.0,285.65586,10011
2026-04-07 00:00:00+00:00,68852.0,72718.0,67731.0,71923.0,540.56562,10816
2026-04-08 00:00:00+00:00,71918.0,72858.0,70724.0,71088.0,972.68672,22931
2026-04-09 00:00:00+00:00,71075.0,73153.0,70478.0,71809.0,571.08811,16182
2026-04-10 00:00:00+00:00,71808.0,73460.0,71441.0,72994.0,443.10554,10683
2026-04-11 00:00:00+00:00,72995.0,73834.0,72561.0,73078.0,394.11102,8059
2026-04-12 00:00:00+00:00,73082.0,73152.0,70546.0,70748.0,337.6436,7141
2026-04-13 00:00:00+00:00,70752.0,74920.0,70617.0,74451.0,336.90416,12312
2026-04-14 00:00:00+00:00,74450.0,76091.0,73882.0,74186.0,599.29258,17811
2026-04-15 00:00:00+00:00,74176.0,75420.0,73573.0,74835.0,442.72027,10491
2026-04-16 00:00:00+00:00,74837.0,75528.0,73345.0,75200.0,646.65123,15198
2026-04-17 00:00:00+00:00,75177.0,78346.0,74567.0,77112.0,849.50816,17365
2026-04-18 00:00:00+00:00,77106.0,77425.0,75500.0,75747.0,262.20063,8664
2026-04-19 00:00:00+00:00,75736.0,76286.0,73820.0,73842.0,395.20885,8109
2026-04-20 00:00:00+00:00,73830.0,76608.0,73789.0,75881.0,336.13265,8649
2026-04-21 00:00:00+00:00,75879.0,76900.0,74862.0,76354.0,591.73405,11021
2026-04-22 00:00:00+00:00,76353.0,79491.0,76157.0,78216.0,690.20712,16372
2026-04-23 00:00:00+00:00,78215.0,78699.0,77018.0,78291.0,522.35491,11482
2026-04-24 00:00:00+00:00,78291.0,78578.0,77300.0,77461.0,464.03208,12631
2026-04-25 00:00:00+00:00,77461.0,77899.0,77202.0,77653.0,269.64926,6064
2026-04-26 00:00:00+00:00,77652.0,78904.0,77352.0,78667.0,431.49985,12220
2026-04-27 00:00:00+00:00,78685.0,79482.0,76495.0,77376.0,578.45129,17060
2026-04-28 00:00:00+00:00,77376.0,77464.0,75683.0,76348.0,378.70447,8639
2026-04-29 00:00:00+00:00,76331.0,77891.0,74966.0,75769.0,691.90545,14926
2026-04-30 00:00:00+00:00,75768.0,76625.0,75310.0,76301.0,404.50487,10043
2026-05-01 00:00:00+00:00,76313.0,78900.0,76297.0,78219.0,530.93235,11133
2026-05-02 00:00:00+00:00,78223.0,79133.0,78048.0,78695.0,210.7477,5152
2026-05-03 00:00:00+00:00,78695.0,79437.0,78079.0,78581.0,195.88103,5811
2026-05-04 00:00:00+00:00,78579.0,80772.0,78226.0,79830.0,574.28188,12899
2026-05-05 00:00:00+00:00,79853.0,81774.0,79788.0,80915.0,443.55273,17194
2026-05-06 00:00:00+00:00,80914.0,82800.0,80775.0,81433.0,527.90473,14661
2026-05-07 00:00:00+00:00,81433.0,81706.0,79513.0,80023.0,565.92167,17226
2026-05-08 00:00:00+00:00,80007.0,80491.0,79206.0,80194.0,326.70079,11063
2026-05-09 00:00:00+00:00,80192.0,81048.0,80113.0,80643.0,191.739,7701
2026-05-10 00:00:00+00:00,80643.0,82426.0,80266.0,82175.0,229.8377,10278
2026-05-11 00:00:00+00:00,82186.0,82300.0,80460.0,81725.0,244.62484,7913
2026-05-12 00:00:00+00:00,81725.0,81763.0,79854.0,80490.0,217.31138,13006
2026-05-13 00:00:00+00:00,80489.0,81296.0,78741.0,79284.0,475.76659,11126
2026-05-14 00:00:00+00:00,79296.0,82033.0,78929.0,81069.0,381.97329,8601
2026-05-15 00:00:00+00:00,81082.0,81656.0,78639.0,79055.0,322.36531,12041
2026-05-16 00:00:00+00:00,79060.0,79181.0,77645.0,78145.0,275.50368,8200
2026-05-17 00:00:00+00:00,78106.0,78543.0,76772.0,77428.0,243.06946,6600
2026-05-18 00:00:00+00:00,77432.0,77751.0,76041.0,76957.0,372.66061,10379
2026-05-19 00:00:00+00:00,76956.0,77345.0,76107.0,76772.0,292.3969,8311
2026-05-20 00:00:00+00:00,76771.0,77799.0,76459.0,77490.0,376.45393,10898
2026-05-21 00:00:00+00:00,77490.0,78111.0,76677.0,77573.0,461.81533,14030
2026-05-22 00:00:00+00:00,77573.0,77837.0,75328.0,75469.0,298.80619,9428
2026-05-23 00:00:00+00:00,75468.0,77299.0,74240.0,76667.0,399.1711,9937
2026-05-24 00:00:00+00:00,76666.0,77431.0,76041.0,76994.0,294.95789,9241
2026-05-25 00:00:00+00:00,76986.0,77828.0,76849.0,77293.0,353.78392,8630
2026-05-26 00:00:00+00:00,77279.0,77999.0,75583.0,75835.0,430.16995,12233
2026-05-27 00:00:00+00:00,75835.0,76013.0,74159.0,74350.0,430.33256,16451
2026-05-28 00:00:00+00:00,74350.0,74484.0,72501.0,73547.0,314.77511,17297
2026-05-29 00:00:00+00:00,73544.0,74247.0,72450.0,73408.0,323.19537,14765
2026-05-30 00:00:00+00:00,73407.0,74045.0,73153.0,73780.0,147.86147,7479
2026-05-31 00:00:00+00:00,73799.0,74186.0,73309.0,73624.0,166.38455,8288
2026-06-01 00:00:00+00:00,73605.0,73997.0,70611.0,71340.0,397.04575,16156
2026-06-02 00:00:00+00:00,71343.0,71343.0,66133.0,66689.0,873.74332,31365
2026-06-03 00:00:00+00:00,66688.0,67441.0,64023.0,64039.0,1282.77777,28905
2026-06-04 00:00:00+00:00,64067.0,64713.0,61368.0,63833.0,1530.28434,33430
2026-06-05 00:00:00+00:00,63834.0,63926.0,59128.0,61053.0,1820.63791,43210
2026-06-06 00:00:00+00:00,61052.0,61519.0,59501.0,60876.0,720.16621,19056
2026-06-07 00:00:00+00:00,60875.0,64141.0,60743.0,63331.0,515.38601,15017
2026-06-08 00:00:00+00:00,63316.0,64197.0,62412.0,63090.0,532.19489,12696
2026-06-09 00:00:00+00:00,63092.0,63497.0,60753.0,61698.0,450.90021,16060
2026-06-10 00:00:00+00:00,61698.0,62801.0,60688.0,61479.0,475.02691,13281
2026-06-11 00:00:00+00:00,61467.0,63854.0,61467.0,63571.0,381.49494,11671
2026-06-12 00:00:00+00:00,63580.0,64364.0,62776.0,63545.0,859.68891,12663
2026-06-13 00:00:00+00:00,63559.0,64732.0,63433.0,64428.0,232.17059,8646
2026-06-14 00:00:00+00:00,64454.0,65776.0,63659.0,65726.0,285.45888,10334
2026-06-15 00:00:00+00:00,65725.0,67263.0,65326.0,66305.0,767.11402,19207
2026-06-16 00:00:00+00:00,66304.0,66974.0,65329.0,65619.0,389.8941,17236
2026-06-17 00:00:00+00:00,65618.0,66390.0,63896.0,64452.0,368.34126,13236
2026-06-18 00:00:00+00:00,64456.0,64761.0,62197.0,62896.0,694.01041,14143
2026-06-19 00:00:00+00:00,62891.0,63599.0,62277.0,63519.0,219.0512,7748
2026-06-20 00:00:00+00:00,63498.0,64333.0,63152.0,64257.0,174.19115,5924
2026-06-21 00:00:00+00:00,64230.0,64508.0,63223.0,63242.0,103.03287,7853
2026-06-22 00:00:00+00:00,63249.0,65553.0,63249.0,63960.0,278.3703,11882
2026-06-23 00:00:00+00:00,63960.0,64200.0,61899.0,62659.0,628.55212,15758
2026-06-24 00:00:00+00:00,62658.0,63121.0,59050.0,60993.0,1126.09864,28097
2026-06-25 00:00:00+00:00,61001.0,61883.0,58050.0,59718.0,918.08132,31340
2026-06-26 00:00:00+00:00,59717.0,60681.0,58283.0,60044.0,550.45616,25264
2026-06-27 00:00:00+00:00,60043.0,60865.0,59798.0,59948.0,309.10018,10226
2026-06-28 00:00:00+00:00,59954.0,60455.0,58859.0,59502.0,358.51445,13045
2026-06-29 00:00:00+00:00,59501.0,60720.0,58836.0,60177.0,733.84811,22844
2026-06-30 00:00:00+00:00,60179.0,60195.0,58127.0,58571.0,512.22614,20396
2026-07-01 00:00:00+00:00,58560.0,61274.0,57774.0,59973.0,627.3661,20537
2026-07-02 00:00:00+00:00,59972.0,62133.0,59551.0,61489.0,532.63968,23666
2026-07-03 00:00:00+00:00,61488.0,62905.0,61179.0,62565.0,389.71076,22371
2026-07-04 00:00:00+00:00,62545.0,63410.0,62284.0,63093.0,197.69992,11471
2026-07-05 00:00:00+00:00,63092.0,63951.0,62412.0,63601.0,159.90668,9937
2026-07-06 00:00:00+00:00,63594.0,64648.0,61280.0,64001.0,514.89585,15275
2026-07-07 00:00:00+00:00,64015.0,64255.0,62627.0,63338.0,433.57952,13029
2026-07-08 00:00:00+00:00,63328.0,63713.0,61510.0,62248.0,480.49471,12822
2026-07-09 00:00:00+00:00,62246.0,63445.0,61672.0,63182.0,237.05322,10235
2026-07-10 00:00:00+00:00,63181.0,64648.0,62896.0,64122.0,301.59807,13772
2026-07-11 00:00:00+00:00,64122.0,64450.0,63783.0,63783.0,197.64179,10011
2026-07-12 00:00:00+00:00,63782.0,64241.0,63619.0,63753.0,171.70773,8545
2026-07-13 00:00:00+00:00,63751.0,64378.0,61785.0,62277.0,460.89854,18822
2026-07-14 00:00:00+00:00,62276.0,65050.0,62212.0,64993.0,443.7178,14047
2026-07-15 00:00:00+00:00,64994.0,65530.0,64443.0,64715.0,382.05655,11640
2026-07-16 00:00:00+00:00,64714.0,64937.0,63706.0,63781.0,297.78882,9503
2026-07-17 00:00:00+00:00,63775.0,64337.0,62500.0,63910.0,344.2321,10288
2026-07-18 00:00:00+00:00,63909.0,64833.0,63860.0,64800.0,231.5594,11746
2026-07-19 00:00:00+00:00,64800.0,64919.0,64254.0,64682.0,193.79868,9116
2026-07-20 00:00:00+00:00,64681.0,65744.0,63730.0,65203.0,490.10811,14519
2026-07-21 00:00:00+00:00,65208.0,66900.0,65115.0,66509.0,511.74727,14198
2026-07-22 00:00:00+00:00,66519.0,66687.0,65535.0,66073.0,333.28616,9847
2026-07-23 00:00:00+00:00,66076.0,66271.0,64622.0,65048.0,374.53068,10819
2026-07-24 00:00:00+00:00,65048.0,65759.0,63691.0,64086.0,287.82133,10641
2026-07-25 00:00:00+00:00,64085.0,64403.0,63805.0,64305.0,347.52997,10622
2026-07-26 00:00:00+00:00,64304.0,65494.0,64230.0,65341.0,144.34058,9723
2026-07-27 00:00:00+00:00,65340.0,65669.0,63537.0,63721.0,326.02175,17663
2026-07-28 00:00:00+00:00,63720.0,64111.0,62690.0,63855.0,258.31316,14309
2026-07-29 00:00:00+00:00,63845.0,64650.0,63230.0,63912.0,312.86165,14309
2026-07-30 00:00:00+00:00,63907.0,65106.0,63525.0,64733.0,226.43812,14557
2026-07-31 00:00:00+00:00,64728.0,65336.0,62394.0,62831.0,480.56218,13417
2026-08-01 00:00:00+00:00,62831.0,63974.0,62237.0,62768.0,163.68282,10022
2026-08-02 00:00:00+00:00,62768.0,63723.0,62752.0,63505.0,144.73942,9282
2026-08-03 00:00:00+00:00,63504.0,64018.0,62237.0,63481.0,214.81126,11546
2026-08-04 00:00:00+00:00,63480.0,64484.0,63290.0,64059.0,258.20304,12881
2026-08-05 00:00:00+00:00,64058.0,64962.0,63850.0,64602.0,362.49891,19161
2026-08-06 00:00:00+00:00,64602.0,64935.0,64126.0,64267.0,176.09746,13435
2026-08-07 00:00:00+00:00,64267.0,65330.0,64134.0,64885.0,303.01896,14522
2026-08-08 00:00:00+00:00,64884.0,65151.0,64800.0,64907.0,116.11162,10748
2026-08-09 00:00:00+00:00,64906.0,65428.0,64673.0,64856.0,177.14322,12237
2026-08-10 00:00:00+00:00,64851.0,65342.0,63773.0,63927.0,293.41505,15774
2026-08-11 00:00:00+00:00,63926.0,64448.0,63189.0,63555.0,319.42702,16883
2026-08-12 00:00:00+00:00,63547.0,64414.0,63260.0,63424.0,198.34394,14629
2026-08-13 00:00:00+00:00,63420.0,63929.0,62802.0,63436.0,196.88287,15617
2026-08-14 00:00:00+00:00,63437.0,63550.0,62498.0,62997.0,277.00458,15260
2026-08-15 00:00:00+00:00,62997.0,63130.0,62861.0,63015.0,119.80265,10235
2026-08-16 00:00:00+00:00,63014.0,63323.0,62669.0,62852.0,99.71812,11169
2026-08-17 00:00:00+00:00,62851.0,64558.0,62704.0,64478.0,305.5529,14287
2026-08-18 00:00:00+00:00,64477.0,64979.0,63999.0,64687.0,210.41374,17302
2026-08-19 00:00:00+00:00,64686.0,70071.0,64117.0,69300.0,983.63557,36269
2026-08-20 00:00:00+00:00,69299.0,73388.0,68873.0,73005.0,1087.15948,54077
2026-08-21 00:00:00+00:00,73004.0,79476.0,73004.0,78317.0,1674.11371,68239
2026-08-22 00:00:00+00:00,78316.0,78796.0,76533.0,77056.0,528.30527,32465
2026-08-23 00:00:00+00:00,77053.0,78044.0,75560.0,77729.0,672.32566,28612
2026-08-24 00:00:00+00:00,77729.0,79964.0,76690.0,78965.0,785.59333,26557
2026-08-25 00:00:00+00:00,78964.0,81232.0,77877.0,78506.0,1138.86365,30964
2026-08-26 00:00:00+00:00,78535.0,79221.0,77626.0,79031.0,587.13127,23774
2026-08-27 00:00:00+00:00,79030.0,80845.0,78600.0,80266.0,957.38713,33150
2026-08-28 00:00:00+00:00,80266.0,81444.0,76887.0,77854.0,673.42281,30396
2026-08-29 00:00:00+00:00,77853.0,78329.0,77401.0,78229.0,310.3205,23307
2026-08-30 00:00:00+00:00,78228.0,79399.0,77035.0,77700.0,351.78944,23972
2026-08-31 00:00:00+00:00,77685.0,79246.0,77363.0,78563.0,580.38403,25725
2026-09-01 00:00:00+00:00,78562.0,79210.0,76405.0,77400.0,442.79798,26346
2026-09-02 00:00:00+00:00,77400.0,77747.0,76243.0,77340.0,560.65977,25908
2026-09-03 00:00:00+00:00,77335.0,82290.0,76965.0,81284.0,612.49132,26560
2026-09-04 00:00:00+00:00,81283.0,81438.0,78661.0,79669.0,571.29226,23587
2026-09-05 00:00:00+00:00,79669.0,80202.0,79459.0,79833.0,168.82733,17193
2026-09-06 00:00:00+00:00,79832.0,80530.0,79237.0,80339.0,249.59318,19148
2026-09-07 00:00:00+00:00,80338.0,80424.0,78688.0,79088.0,209.47268,19453
2026-09-08 00:00:00+00:00,79087.0,79462.0,77630.0,78440.0,415.19461,22550
2026-09-09 00:00:00+00:00,78440.0,79734.0,77761.0,78292.0,306.63111,25856
2026-09-10 00:00:00+00:00,78287.0,78529.0,76484.0,76551.0,349.4443,22517
2026-09-11 00:00:00+00:00,76551.0,79839.0,76150.0,77217.0,612.0387,27632
2026-09-12 00:00:00+00:00,77217.0,77496.0,77064.0,77270.0,152.50513,12368
2026-09-13 00:00:00+00:00,77270.0,77414.0,76495.0,76794.0,163.43343,12604
2026-09-14 00:00:00+00:00,76794.0,79588.0,76386.0,78184.0,393.22203,18073
2026-09-15 00:00:00+00:00,78184.0,78248.0,74934.0,75574.0,646.05773,24776
2026-09-16 00:00:00+00:00,75589.0,76467.0,74890.0,76167.0,848.76703,25493
2026-09-17 00:00:00+00:00,76168.0,77087.0,75952.0,76352.0,843.31778,29550
2026-09-18 00:00:00+00:00,76352.0,81375.0,76224.0,80898.0,981.49074,35669
2026-09-19 00:00:00+00:00,80897.0,81917.0,80826.0,81241.0,479.01917,24900
2026-09-20 00:00:00+00:00,81241.0,81450.0,79600.0,81164.0,706.06167,26283
2026-09-21 00:00:00+00:00,81163.0,87413.0,80856.0,86588.0,1649.12936,59858
2026-09-22 00:00:00+00:00,86587.0,86704.0,85105.0,86198.0,545.33119,28349
2026-09-23 00:00:00+00:00,86200.0,87280.0,83563.0,84378.0,448.47284,30087
2026-09-24 00:00:00+00:00,84377.0,84909.0,82893.0,84392.0,450.61316,26877
2026-09-25 00:00:00+00:00,84391.0,85250.0,83200.0,84075.0,357.44211,22668
2026-09-26 00:00:00+00:00,84074.0,84449.0,83779.0,84425.0,136.90595,17287
2026-09-27 00:00:00+00:00,84417.0,85152.0,84141.0,84456.0,383.94527,19038
2026-09-28 00:00:00+00:00,84467.0,84985.0,82559.0,83469.0,490.75294,22343
2026-09-29 00:00:00+00:00,83469.0,84528.0,82753.0,83616.0,450.36734,28609
2026-09-30 00:00:00+00:00,83615.0,85608.0,82927.0,83559.0,350.28783,18582
2026-10-01 00:00:00+00:00,83559.0,85231.0,83134.0,84851.0,341.95906,20945
2026-10-02 00:00:00+00:00,84850.0,87210.0,83889.0,84490.0,462.32218,25212
2026-10-03 00:00:00+00:00,84490.0,84726.0,84425.0,84621.0,55.97486,5886
