ticker,name,parent,ratio,day1,when_issued,size,mcap_day1_$bn,day1_open,day1_close,day1_open_to_close,low40_pct_below_d1close,low40_day,low40_window_complete,bh_20,bh_20_spy,bh_20_date,bh_60,bh_60_spy,bh_60_date,bh_60_complete,bh_120,bh_120_spy,bh_120_date,bh_120_complete,rule_entry_date,rule_entry_day,rule_entry_px,rule_postspin_low_at_entry,rule_60,rule_60_spy,rule_60_complete,rule_120,rule_120_spy,rule_120_date,rule_120_complete,rule_120_stopped,rule_120_stop_date,rule_120_withstop,rule_120_withstop_net,rule_120_nextopen,days_traded,notes,source
CURB,Curbline Properties,SITC,2 CURB per 1 SITC,2024-10-01,Y (CURB-WI),large,2.37,21.9,22.6,0.032,-0.0412,2,True,0.0274,0.0231,2024-10-29,0.0566,0.0611,2024-12-26,True,0.0669,0.0063,2025-03-26,True,2024-10-15,11,23.33,-0.0712,0.0147,0.0062,True,-0.0245,-0.0477,2025-04-09,True,True,2024-12-19,-0.0724,-0.1074,-0.0521,500,REIT,8-K 0001193125-24-230147
ECG,Everus Construction Group,MDU,1 per 4 MDU,2024-11-01,Y (ECG WI),large,2.68,53.5,52.49,-0.0189,-0.0187,3,True,0.1983,0.0571,2024-12-02,0.3109,0.0574,2025-01-31,True,-0.2258,-0.0231,2025-04-29,True,2024-11-15,11,56.34,-0.0857,-0.1455,0.0444,True,-0.0873,0.0083,2025-05-13,True,True,2025-02-13,-0.1207,-0.1557,-0.1204,477,,8-K 0001140361-24-044886
TWNP,Twin Hospitality Group,FAT,0.1520207 per FAT sh,2025-01-30,Y (TWNPV),small,0.86,17.45,17.1,-0.0201,-0.5942,35,True,-0.5181,-0.0179,2025-02-28,-0.6158,-0.0868,2025-04-28,True,-0.7304,0.0548,2025-07-24,True,2025-02-13,11,10.36,-0.0849,-0.3349,-0.041,True,-0.6486,0.0431,2025-08-07,True,True,2025-02-19,-0.1023,-0.1373,-0.1349,411,FAT distributed only a small minority stake (tiny float); Chapter 11 in 2026; delisted (25-NSE 2026-06-04),8-K 0001493152-25-004240
MRP,Millrose Properties,LEN,1 per 2 LEN,2025-02-07,n/c,large,4.44,23.49,26.74,0.1384,-0.2064,22,True,-0.1915,-0.0669,2025-03-10,-0.0214,-0.0671,2025-05-06,True,0.1643,0.0411,2025-08-01,True,2025-02-24,11,23.19,-0.0604,0.2523,-0.0043,True,0.4233,0.0838,2025-08-15,True,True,2025-03-10,-0.0677,-0.1027,-0.0551,412,REIT; Lennar kept ~20% then exchange offer,8-K 0001193125-25-022336
SNDK,Sandisk,WDC,1 per 3 WDC,2025-02-24,Y (SNDKV),large,7.04,52.0,48.6,-0.0654,-0.3866,40,True,0.0903,-0.0358,2025-03-24,-0.1733,-0.0043,2025-05-20,True,-0.0835,0.0838,2025-08-15,True,2025-03-10,11,53.0,-0.1479,-0.2487,0.0663,True,-0.01,0.1576,2025-08-29,True,True,2025-04-03,-0.2781,-0.3131,-0.262,402,WDC retained 19.9%,8-K 0001193125-25-033433
RHLD,Resolute Holdings Mgmt,CMPO,1 per 12 CMPO,2025-02-28,Y (RHLDV),small,0.4,38.1,46.82,0.2289,-0.468,36,True,-0.3172,-0.062,2025-03-28,-0.2621,-0.0021,2025-05-27,True,0.2202,0.076,2025-08-21,True,2025-03-20,15,35.23,-0.0954,-0.0681,0.069,True,0.9563,0.1699,2025-09-11,True,True,2025-03-31,-0.1104,-0.1454,-0.1038,398,Tiny float; external manager of CMPO,8-K 0000950142-25-000558
AMRZ,Amrize,Holcim (SIX),1 per 1 Holcim,2025-06-23,N (stated none),large,28.75,51.35,51.99,0.0125,-0.1027,33,True,-0.0329,0.0478,2025-07-22,0.0348,0.0984,2025-09-17,True,0.0835,0.1515,2025-12-11,True,2025-07-08,11,50.15,-0.0251,-0.0341,0.0805,True,0.1117,0.1192,2025-12-26,True,True,2025-08-07,-0.0698,-0.1048,-0.0715,320,"Foreign parent, NYSE+SIX",8-K 0001140361-25-023352
RAL,Ralliant,FTV,1 per 3 FTV,2025-06-30,n/c,large,5.47,50.25,48.49,-0.035,-0.1382,37,True,-0.0245,0.0282,2025-07-29,-0.0938,0.073,2025-09-24,True,0.0522,0.0979,2025-12-18,True,2025-07-15,11,48.2,-0.0622,-0.0749,0.0849,True,0.0735,0.1118,2026-01-05,True,True,2025-08-01,-0.0793,-0.1143,-0.0902,315,,8-K 0001104659-25-064115
GLIBK,GCI Liberty (Series C),LBRDA/LBRDK,0.20 per LBRD sh,2025-07-15,Y (GLBAV/GLBKV),small,0.89,31.75,31.0,-0.0236,0.0,1,True,0.1103,0.033,2025-08-12,0.189,0.0849,2025-10-08,True,0.1968,0.1118,2026-01-05,True,2025-07-29,11,34.02,-0.0888,0.0711,0.0541,True,0.0958,0.0727,2026-01-20,True,True,2025-12-03,-0.1026,-0.1376,-0.1146,305,Liberty tracking-style 'GCI Group' stock (only group at spin),8-K 0001104659-25-067808
SOLS,Solstice Advanced Materials,HON,1 per 4 HON,2025-10-30,expected,large,7.74,48.6,48.74,0.0029,-0.15,14,True,-0.0217,0.0052,2025-11-28,0.3453,0.026,2026-01-28,True,0.6696,0.0562,2026-04-24,True,2025-11-13,11,45.73,-0.0455,0.639,0.0327,True,0.7128,0.1038,2026-05-08,True,True,2025-11-14,-0.0475,-0.0825,-0.0339,229,,8-K 0001628280-25-047305
Q,Qnity Electronics,DD,1 per 2 DD,2025-11-03,Y (Q WI),large,20.32,98.0,97.0,-0.0102,-0.2419,16,True,-0.1772,-0.0026,2025-12-02,-0.0077,0.0156,2026-01-30,True,0.4204,0.0474,2026-04-28,True,2025-12-02,21,79.75,-0.0786,0.5567,0.0101,True,0.9964,0.1074,2026-05-27,True,False,,0.9964,0.9614,0.9909,227,Joined S&P 500 on day 1,8-K 0001193125-25-240313
VSNT,Versant Media Group,CMCSA,1 per 25 CMCSA,2026-01-05,Y (VSNTV),large,5.85,45.17,40.57,-0.1018,-0.3241,28,True,-0.2379,0.0026,2026-02-03,-0.0742,-0.0446,2026-04-01,True,-0.1043,0.0832,2026-06-29,True,2026-01-29,18,32.85,-0.0447,0.227,0.0333,True,0.1051,0.0693,2026-07-23,True,True,2026-02-03,-0.0588,-0.0938,-0.0471,185,,8-K 0000950103-26-000080
RNA,Atrium Therapeutics,Avidity (acq. by Novartis),1 per 10 Avidity,2026-02-27,n/c,small,0.25,14.58,14.75,0.0117,-0.1647,14,True,-0.1031,-0.0731,2026-03-27,-0.1146,0.0972,2026-05-26,True,-0.0861,0.1176,2026-08-20,True,2026-03-25,19,13.09,-0.0588,-0.0115,0.1362,True,-0.2743,0.151,2026-09-16,True,True,2026-06-02,-0.0642,-0.0992,-0.057,148,Parent acquired same day; ticker RNA reused,8-K 0001193125-26-083227
VGNT,Versigent,APTV,1 per 3 APTV,2026-04-01,Y (VGNT-WI),small,1.97,28.27,27.85,-0.0149,-0.0327,4,True,0.2557,0.0968,2026-04-30,0.4147,0.1338,2026-06-29,True,0.6634,0.1777,2026-09-23,True,2026-04-16,11,32.61,-0.1739,0.2156,0.0743,True,0.404,0.0946,2026-09-29,False,False,,0.404,0.369,0.3565,125,,8-K 0001193125-26-138219
TRAX,First Tracks Biotherapeutics,ANAB,1 per 1 ANAB,2026-04-20,Y (TRAXV),small,0.65,20.51,18.6,-0.0931,-0.1763,32,True,-0.0435,0.0422,2026-05-18,0.9468,0.062,2026-07-16,True,0.9344,0.0837,2026-09-29,False,2026-05-04,11,20.55,-0.1727,1.3251,0.0356,True,0.7509,0.0697,2026-09-29,False,True,2026-05-15,-0.1776,-0.2126,-0.1792,113,Taxable spin; private placement at spin,8-K 0001193125-26-164328
NVRI,Enviri (new; Harsco Env.& Rail),"NVRI (old, Clean Earth sold to Veolia)",1 per 3 + $15 cash,2026-06-02,Y (NVRI WI),small,0.54,18.45,19.2,0.0407,-0.0755,2,True,0.2094,-0.0157,2026-07-01,0.1703,0.0178,2026-08-27,True,0.0156,0.0112,2026-09-29,False,2026-06-16,11,20.82,-0.1475,0.0716,0.0212,True,-0.0634,0.0236,2026-09-29,False,False,,-0.0634,-0.0984,-0.0692,83,Parent cashed out simultaneously; ticker reused,8-K 0001193125-26-251752
OCTV,Octave Intelligence,Hexagon (Stockholm),1 per 10 Hexagon,2026-05-28,Y (OCTVV),large,4.58,17.45,17.05,-0.0229,-0.0909,39,True,-0.0452,-0.0314,2026-06-26,0.0745,0.0144,2026-08-24,True,0.0927,0.0179,2026-09-29,False,2026-06-11,11,18.33,-0.0698,0.0033,0.0409,True,0.0164,0.0411,2026-09-29,False,True,2026-06-16,-0.0758,-0.1108,-0.0873,86,Foreign parent; SDRs in Stockholm; US line Nasdaq,8-K 0001628280-26-037912
FDXF,FedEx Freight,FDX,1 per 2 FDX,2026-06-01,expected,large,22.36,164.0,149.53,-0.0882,-0.0517,31,True,0.0098,-0.013,2026-06-30,-0.1221,0.0125,2026-08-26,True,-0.2506,0.0126,2026-09-29,False,2026-06-15,11,167.16,-0.1055,-0.2581,0.0066,True,-0.3296,0.0175,2026-09-29,False,True,2026-07-07,-0.1342,-0.1692,-0.1072,84,FedEx retained 19.9%,8-K 0001104659-26-068521
HONA,Honeywell Aerospace,HON,1 per 2 HON,2026-06-29,Y (HONAV),large,69.79,230.0,220.19,-0.0427,-0.2894,28,True,-0.0195,-0.0002,2026-07-28,-0.2582,0.0388,2026-09-23,True,-0.2941,0.0339,2026-09-29,False,2026-07-30,23,204.32,-0.0414,-0.2392,0.0329,False,-0.2392,0.0329,2026-09-29,False,True,2026-08-06,-0.2342,-0.2692,-0.2266,65,,8-K 0001628280-26-045874
MBGL,Mobility Global,SPGI,1 per 1 SPGI,2026-07-01,Y (MBGL-WI),large,6.25,20.3,21.19,0.0438,-0.1034,28,True,-0.0335,-0.0055,2026-07-30,-0.1542,0.0369,2026-09-25,True,-0.1575,0.0273,2026-09-29,False,2026-07-16,11,20.66,-0.0678,-0.1359,0.0205,False,-0.1359,0.0205,2026-09-29,False,True,2026-08-10,-0.0803,-0.1153,-0.0599,63,,8-K 0001104659-26-080006
MFP,Midera Food Processing,MIDD,1 per 1 MIDD,2026-07-07,Y (MFPVV),small,1.66,35.5,36.6,0.031,0.0,1,True,0.2921,0.0316,2026-08-04,0.1117,0.0246,2026-09-29,False,0.1117,0.0246,2026-09-29,False,2026-07-21,11,45.84,-0.2016,-0.1123,0.0238,False,-0.1123,0.0238,2026-09-29,False,False,,-0.1123,-0.1473,-0.1154,60,,8-K 0001193125-26-295649
ADIG,ADI Global Distribution,REZI,1 per 2 REZI,2026-08-04,expected,small,1.67,21.25,22.0,0.0353,-0.1577,39,True,-0.0755,-0.0124,2026-09-01,-0.1364,-0.0068,2026-09-29,False,-0.1364,-0.0068,2026-09-29,False,2026-08-25,16,22.27,-0.0795,-0.1468,0.0002,False,-0.1468,0.0002,2026-09-29,False,True,2026-09-01,-0.0867,-0.1217,-0.0661,40,,8-K 0001213900-26-084882
