found,source,ticker,category,direction,pre_move_5d,found_day_move,adv_usd,liquid,found_close,entry_date,entry_open,now_date,now,since_found_pct,ret_pct,iwm_pct,excess_pct,days,tdays,takeable,why_not,net_excess_pct,status,note
2026-09-11,S1 DoD contracts,OLN,s1_dod_contract,1,-2.0,-0.6,47168915,yes,17.200000762939453,2026-09-14,17.459999084472656,2026-10-05,16.270000457763672,-5.41,-6.82,-1.43,-5.39,21,15,yes,,-6.39,live,PENDING; materiality 46%
2026-09-25,S1 DoD contracts,MTUS,s1_dod_contract,1,-2.3,-0.5,6487945,yes,18.84000015258789,2026-09-28,19.5,2026-10-05,21.040000915527344,11.68,7.9,1.09,6.81,7,5,yes,,5.81,live,TRADE; materiality 127%
2026-09-25,S1 DoD contracts,ELMT,s1_dod_contract,1,-10.2,-0.5,26416700,yes,19.639999389648438,2026-09-28,19.229999542236328,2026-10-05,21.290000915527344,8.4,10.71,1.09,9.62,7,5,yes,,8.62,live,PENDING; materiality 6%
2026-09-28,first catalyst scan (X post 28 Sep),WHF,idea_catalyst,1,-4.5,-1.0,748592,yes,6.96999979019165,2026-09-29,6.949999809265137,2026-10-05,7.070000171661377,1.43,1.73,1.12,0.61,6,4,yes,,-0.39,live,passed scan gates; long thesis
2026-09-28,first catalyst scan (X post 28 Sep),CHDN,idea_catalyst,1,-2.6,-5.1,92031840,yes,75.72000122070312,2026-09-29,76.0,2026-10-05,77.56999969482422,2.44,2.07,1.12,0.95,6,4,no,"false positive: refinancing boilerplate, not a sale review",,live,strategic alternatives 8-K
2026-09-28,first catalyst scan (X post 28 Sep),RYAM,idea_catalyst,1,2.8,-4.9,6355528,yes,8.149999618530273,2026-09-29,8.149999618530273,2026-10-05,6.940000057220459,-14.85,-14.85,1.12,-15.96,6,4,yes,,-16.96,live,potential sale; expected +$1-3
2026-09-29,watchlist thread (X 29 Sep),CTVA,idea_spinoff,0,-1.7,0.2,403881574,yes,77.87000274658203,2026-09-30,77.91000366210938,2026-10-05,12.390000343322754,10.08,10.02,1.15,,5,3,no,tracked only (no direction),,live,parent of VYLR spin (track) | adj: +1.0 VYLR (spin)
2026-09-29,watchlist thread (X 29 Sep),THRM,idea_merger,0,-7.4,0.9,15037760,yes,33.91999816894531,2026-09-30,34.08000183105469,2026-10-05,32.22999954223633,1.12,0.65,1.15,,5,3,no,tracked only (no direction),,live,MOD RMT closes 1 Oct; $2.07 special div (track) | adj: +$2.07 cash (special_dividend)
2026-09-29,watchlist thread (X 29 Sep),HMH,idea_overhang,-1,3.6,-7.8,3882272,yes,17.770000457763672,2026-09-30,17.770000457763672,2026-10-05,19.18000030517578,7.93,7.93,1.15,-6.79,5,3,no,short bet (we can't short),,live,resale S-1 31.9M shares (supply)
2026-09-30,X post 30 Sep,MOD,idea_merger,0,-6.2,1.9,249710809,yes,187.1999969482422,2026-10-01,187.64999389648438,2026-10-05,182.91000366210938,5.39,5.14,2.17,,4,2,no,tracked only (no direction),,live,RemainCo after RMT (track) | adj: +0.44619 THRM (spin)
2026-09-30,watchlist,TWST,idea_overhang,0,13.1,3.8,350450743,yes,193.24000549316406,2026-10-01,193.10000610351562,2026-10-05,205.0,6.09,6.16,2.17,,4,2,no,tracked only (no direction),,live,insider lock-up / Form 144s (track)
2026-10-01,first trading day,VYLR,idea_spinoff,0,,,1025046800,yes,68.26000213623047,2026-10-02,68.70999908447266,2026-10-05,73.33000183105469,7.43,6.72,0.37,,3,1,no,tracked only (no direction),,live,spin-off watch (track)
2026-10-04,KNRX-like screen,GOVX,setup_supply_deficiency,0,-10.6,-0.6,111090,no,0.3199999928474426,2026-10-05,0.33000001311302185,2026-10-05,0.3199000060558319,-0.03,-3.06,0.51,,0,0,no,tracked only (no direction),,live,EFFECT 24 Sep + listing deficiency Aug; $0.32; track for promo spike
2026-10-04,KNRX-like screen,SNTI,setup_supply_deficiency,0,-5.5,-0.6,385119,yes,0.32199999690055847,2026-10-05,0.3100000023841858,2026-10-05,0.3450999855995178,7.17,11.32,0.51,,0,0,no,tracked only (no direction),,live,EFFECT 25 Sep + deficiency 2 Sep; $0.32
2026-10-04,KNRX-like screen,DYAI,setup_supply_deficiency,0,-2.3,7.0,87087,no,0.46000000834465027,2026-10-05,0.4571000039577484,2026-10-05,0.45399999618530273,-1.3,-0.68,0.51,,0,0,no,tracked only (no direction),,live,EFFECT 21 Sep + deficiency 25 Sep; $0.46
2026-10-04,KNRX-like screen,GXAI,setup_supply_deficiency,0,-11.1,-2.8,143294,no,0.515999972820282,2026-10-05,0.49079999327659607,2026-10-05,0.4869999885559082,-5.62,-0.77,0.51,,0,0,no,tracked only (no direction),,live,EFFECT 22 Sep + deficiency 1 Oct; $0.52
2026-10-04,KNRX-like screen,VHUB,setup_supply_deficiency,0,-9.6,2.1,242463,no,0.47999998927116394,2026-10-05,0.4401000142097473,2026-10-05,0.43459999561309814,-9.46,-1.25,0.51,,0,0,no,tracked only (no direction),,live,EFFECT 15 Sep + deficiency 2 Sep; $0.48
2026-10-04,KNRX-like screen,FLD,setup_supply_deficiency,0,-4.6,4.6,78666,no,0.5410000085830688,2026-10-05,0.5299999713897705,2026-10-05,0.5619000196456909,3.86,6.02,0.51,,0,0,no,tracked only (no direction),,live,EFFECT 29 Sep + deficiency Jul; $0.54
2026-10-04,KNRX-like screen,GWH,setup_supply_deficiency,0,-53.8,0.0,322729,yes,0.15700000524520874,,,2026-10-02,0.15700000524520874,,,,,,,,,,pending (enters next session open),EFFECT 17 Sep + deficiency 30 Sep; $0.16
2026-10-04,KNRX-like screen,HCTI,setup_supply_deficiency,0,-3.8,3.3,3676085,yes,0.7250000238418579,2026-10-05,0.5995000004768372,2026-10-05,0.6068999767303467,-16.29,1.23,0.51,,0,0,no,tracked only (no direction),,live,EFFECT 1 Oct + deficiency 2 Oct + reverse split; $0.73
2026-10-04,KNRX-like screen,POLA,setup_supply_deficiency,0,-13.8,3.6,195291,no,1.159999966621399,2026-10-05,1.1699999570846558,2026-10-05,1.149999976158142,-0.86,-1.71,0.51,,0,0,no,tracked only (no direction),,live,EFFECT 28 Sep + deficiency Jul; $1.16
2026-10-04,KNRX-like screen,CYAB,setup_supply_deficiency,0,-12.5,-4.8,2468229,yes,0.20000000298023224,2026-10-05,0.2011999934911728,2026-10-05,0.20800000429153442,4.0,3.38,0.51,,0,0,no,tracked only (no direction),,live,EFFECT 21 Sep + deficiency Jun; $0.20
2026-10-05,press release (Business Wire),PUSA,idea_contract_press,1,-15.1,-8.4,2977000,yes,2.8949999809265137,,,2026-10-05,2.8949999809265137,,,,,,,,,,pending (enters next session open),$82M funded order under existing USG IDIQ (2nd order) = ~17% of est. ~$485M mcap; stock -17% since 1 Oct reverse merger; under-reaction test like MTUS
2026-10-05,long-term nth research (research/longterm-2026-10-05),MTUS,longterm_research,0,5.6,5.8,6663533,yes,21.040000915527344,,,2026-10-05,21.040000915527344,,,,,,,,,,pending (enters next session open),watch 7/10 (EV/sales at top of own range; Q3 6 Nov)
2026-10-05,long-term nth research (research/longterm-2026-10-05),AAON,longterm_research,0,-6.5,1.3,95034138,yes,84.3499984741211,,,2026-10-05,84.3499984741211,,,,,,,,,,pending (enters next session open),"kill under LT2 (cash ~$0 + $165M undrawn vs -$119M TTM FCF; OCF positive, growth capex); BASX 55% of sales"
2026-10-05,long-term nth research (research/longterm-2026-10-05),MOD,longterm_research,0,-10.0,2.6,251585624,yes,182.91000366210938,,,2026-10-05,182.91000366210938,,,,,,,,,,pending (enters next session open),"already run (+221 pts vs SPY in 3y, spin-adjusted)"
2026-10-05,long-term nth research (research/longterm-2026-10-05),VRT,longterm_research,0,-0.4,0.6,1340146537,yes,253.6199951171875,,,2026-10-05,253.6199951171875,,,,,,,,,,pending (enters next session open),already run (+453 pts vs SPY in 3y; 8.5x sales vs 3.45x median)
2026-10-05,long-term nth research (research/longterm-2026-10-05),MP,longterm_research,0,-3.8,-0.3,256221617,yes,46.84000015258789,,,2026-10-05,46.84000015258789,,,,,,,,,,pending (enters next session open),already run (EV/sales 25.6x vs 10.9x median; ~33% potential dilution)
2026-10-05,long-term nth research (research/longterm-2026-10-05),ELMT,longterm_research,0,12.7,-3.8,29068206,yes,21.290000915527344,,,2026-10-05,21.290000915527344,,,,,,,,,,pending (enters next session open),already run (DoW equity priced in one session; lock-up ~19-22 Oct)
2026-10-05,long-term nth research (research/longterm-2026-10-05),UAMY,longterm_research,0,-11.3,-1.0,22657239,yes,3.950000047683716,,,2026-10-05,3.950000047683716,,,,,,,,,,pending (enters next session open),kill (LT2 + LT3: -$71M TTM FCF vs $62M liquidity; +41% diluted shares; antimony -62%)
2026-10-05,long-term nth research (research/longterm-2026-10-05),CLF,longterm_research,0,-7.1,7.8,180924106,yes,12.199999809265137,,,2026-10-05,12.199999809265137,,,,,,,,,,pending (enters next session open),"kill (G1: $100M GOES order = 0.5% of revenue; $7.7B debt, negative FCF)"
2026-09-28,market scan 2026-09-28,FNWD,merger_vote,0,1.6,-1.8,564659,yes,42.45000076293945,2026-09-29,42.459999084472656,2026-10-05,41.900001525878906,-1.3,-1.32,1.12,,6,4,no,tracked only (no direction),,live,finward bancorp `defm14a` [filing index](https://www.sec.gov/archives/edgar/data
2026-09-28,market scan 2026-09-28,CITR,share_registration,-1,-17.2,-12.0,217857,no,3.799999952316284,2026-09-29,3.7799999713897705,2026-10-05,2.8499999046325684,-25.0,-24.6,1.12,25.72,6,4,no,short bet (we can't short),,live,citrotech inc. `s-1` [filing index](https://www.sec.gov/archives/edgar/data/8945
2026-09-28,market scan 2026-09-28,HMH,share_registration,-1,1.6,0.6,3736054,yes,19.280000686645508,2026-09-29,18.8700008392334,2026-10-05,19.18000030517578,-0.52,1.64,1.12,-0.53,6,4,no,short bet (we can't short),,live,hmh holding inc `s-1` [filing index](https://www.sec.gov/archives/edgar/data/202
2026-09-28,market scan 2026-09-28,CRTD,registration_effective,-1,18.5,7.1,7039,no,4.25,2026-09-29,4.25,2026-10-02,4.199999809265137,-1.18,-1.18,1.12,2.29,3,3,no,short bet (we can't short),,live,"creatd, inc. `effect` [filing index](https://www.sec.gov/archives/edgar/data/135"
2026-09-28,market scan 2026-09-28,EP,registration_effective,-1,-13.2,-0.5,96820,no,2.0999999046325684,2026-09-29,2.0799999237060547,2026-10-05,2.680000066757202,27.62,28.85,1.12,-27.73,6,4,no,short bet (we can't short),,live,empire petroleum corp `effect` [filing index](https://www.sec.gov/archives/edgar
2026-09-28,market scan 2026-09-28,ENRD,registration_effective,-1,5.3,-6.5,932203,yes,3.869999885559082,2026-09-29,3.8399999141693115,2026-10-05,3.190000057220459,-17.57,-16.93,1.12,18.04,6,4,no,short bet (we can't short),,live,einride ab `effect` [filing index](https://www.sec.gov/archives/edgar/data/20950
2026-09-28,market scan 2026-09-28,GMTL,registration_effective,-1,-3.9,-9.2,1896954,yes,9.15999984741211,2026-09-29,9.270000457763672,2026-10-05,8.550000190734863,-6.66,-7.77,1.12,8.88,6,4,no,short bet (we can't short),,live,guardian metal resources plc `effect` [filing index](https://www.sec.gov/archive
2026-09-28,market scan 2026-09-28,KNRX,registration_effective,-1,-3.8,304.6,17920764,yes,1.2300000190734863,2026-09-29,0.6940000057220459,2026-10-05,0.23899999260902405,-80.57,-65.56,1.12,66.68,6,4,no,short bet (we can't short),,live,knorex ltd. `effect` [filing index](https://www.sec.gov/archives/edgar/data/1982
2026-09-28,market scan 2026-09-28,MATH,registration_effective,-1,-2.9,5.0,204170,no,1.0299999713897705,2026-09-29,1.0299999713897705,2026-10-05,1.090000033378601,5.83,5.83,1.12,-4.71,6,4,no,short bet (we can't short),,live,metalpha technology holding ltd `effect` [filing index](https://www.sec.gov/arch
2026-09-28,market scan 2026-09-28,NEOV,registration_effective,-1,-35.8,4.1,7142167,yes,2.2799999713897705,2026-09-29,2.2899999618530273,2026-10-05,2.9600000381469727,29.82,29.26,1.12,-28.14,6,4,no,short bet (we can't short),,live,neovolta inc. `effect` [filing index](https://www.sec.gov/archives/edgar/data/17
2026-09-28,market scan 2026-09-28,POLA,registration_effective,-1,4.8,-3.8,136934,no,1.2599999904632568,2026-09-29,1.2799999713897705,2026-10-05,1.149999976158142,-8.73,-10.16,1.12,11.27,6,4,no,short bet (we can't short),,live,"polar power, inc. `effect` [filing index](https://www.sec.gov/archives/edgar/dat"
2026-09-28,market scan 2026-09-28,PULM,registration_effective,-1,11.8,-1.2,74565,no,1.590000033378601,2026-09-29,1.590000033378601,2026-10-05,1.4800000190734863,-6.92,-6.92,1.12,8.04,6,4,no,short bet (we can't short),,live,"pulmatrix, inc. `effect` [filing index](https://www.sec.gov/archives/edgar/data/"
2026-09-28,market scan 2026-09-28,QNRX,registration_effective,-1,-8.9,-18.2,841288,yes,5.260000228881836,2026-09-29,5.300000190734863,2026-10-05,4.554999828338623,-13.4,-14.06,1.12,15.17,6,4,no,short bet (we can't short),,live,quoin pharmaceuticals ltd. `effect` [filing index](https://www.sec.gov/archives/
2026-09-28,market scan 2026-09-28,TRAK,registration_effective,-1,0.5,-0.4,693844,yes,8.199999809265137,2026-09-29,7.800000190734863,2026-10-05,8.079999923706055,-1.46,3.59,1.12,-2.47,6,4,no,short bet (we can't short),,live,"repositrak, inc. `effect` [filing index](https://www.sec.gov/archives/edgar/data"
2026-09-28,market scan 2026-09-28,VIOT,registration_effective,-1,4.7,17.8,6347108,yes,1.590000033378601,2026-09-29,1.6100000143051147,2026-10-05,1.5099999904632568,-5.03,-6.21,1.12,7.33,6,4,no,short bet (we can't short),,live,"viomi technology co., ltd `effect` [filing index](https://www.sec.gov/archives/e"
2026-09-28,market scan 2026-09-28,WPRT,registration_effective,-1,4.6,1.0,111791,no,2.049999952316284,2026-09-29,2.049999952316284,2026-10-05,1.875,-8.54,-8.54,1.12,9.65,6,4,no,short bet (we can't short),,live,westport fuel systems inc. `effect` [filing index](https://www.sec.gov/archives/
2026-09-28,market scan 2026-09-28,ADRX,ipo_priced,0,,3.8,52867977,yes,20.09000015258789,2026-09-29,19.899999618530273,2026-10-05,19.049999237060547,-5.18,-4.27,1.12,,6,4,no,tracked only (no direction),,live,"adarx pharmaceuticals, inc. `424b4` [filing index](https://www.sec.gov/archives/"
2026-09-28,market scan 2026-09-28,RZAI,ipo_priced,0,,,,no,,2026-09-30,27.6299991607666,2026-10-05,12.90999984741211,,-53.28,1.15,,5,3,no,tracked only (no direction),,live,roze ai inc. `424b4` [filing index](https://www.sec.gov/archives/edgar/data/2075
2026-09-28,market scan 2026-09-28,RILY,delisting,0,-4.5,-3.9,3312268,yes,5.489999771118164,2026-09-29,5.079999923706055,2026-10-05,4.880000114440918,-11.11,-3.94,1.12,,6,4,no,tracked only (no direction),,live,"brc group holdings, inc. `25-nse` [filing index](https://www.sec.gov/archives/ed"
2026-09-28,market scan 2026-09-28,PDYN,delisting,0,-5.1,-2.0,4456303,yes,5.28000020980835,2026-09-29,5.389999866485596,2026-10-05,5.119999885559082,-3.03,-5.01,1.12,,6,4,no,tracked only (no direction),,live,palladyne ai corp. `25-nse` [filing index](https://www.sec.gov/archives/edgar/da
2026-09-28,market scan 2026-09-28,TWO-PC,delisting,0,0.2,0.0,2683713,yes,25.389999389648438,2026-09-29,25.389999389648438,2026-09-29,25.389999389648438,0.0,0.0,1.12,,0,0,no,tracked only (no direction),,live,two harbors investment corp. `25-nse` [filing index](https://www.sec.gov/archive
2026-09-28,market scan 2026-09-28,CHDN,8k_strategic_review,1,-2.6,-5.1,92031840,yes,75.72000122070312,2026-09-29,76.0,2026-10-05,77.56999969482422,2.44,2.07,1.12,0.95,6,4,no,"false positive: refinancing boilerplate, not a sale review",,live,strategic alternatives [8-k](https://www.sec.gov/archives/edgar/data/20212/00011
2026-09-28,market scan 2026-09-28,LFCR,8k_reverse_split,-1,-5.8,55.2,1947516,yes,6.519999980926514,2026-09-29,6.53000020980835,2026-10-05,6.519999980926514,0.0,-0.15,1.12,1.27,6,4,no,short bet (we can't short),,live,"go-shop, reverse stock split, tender offer [8-k](https://www.sec.gov/archives/ed"
2026-09-28,market scan 2026-09-28,TDY,8k_spin_off,0,1.8,-0.5,169649974,yes,610.8300170898438,2026-09-29,607.8900146484375,2026-10-05,619.6400146484375,1.44,1.93,1.12,,6,4,no,tracked only (no direction),,live,spin-off [8-k](https://www.sec.gov/archives/edgar/data/1094285/00010942852600005
2026-09-28,market scan 2026-09-28,MGLD,8k_reverse_split,-1,82.1,2.1,1764048,yes,1.9700000286102295,2026-09-29,1.9600000381469727,2026-10-05,2.0,1.52,2.04,1.12,-0.92,6,4,no,short bet (we can't short),,live,"spin-off, reverse stock split, tender offer [8-k](https://www.sec.gov/archives/e"
2026-09-28,market scan 2026-09-28,MTNB,8k_reverse_split,-1,9.2,-10.1,135023,no,0.1599999964237213,2026-09-29,2.4700000286102295,2026-10-05,2.819999933242798,1662.5,14.17,1.12,-13.05,6,4,no,short bet (we can't short),,live,reverse stock split [8-k](https://www.sec.gov/archives/edgar/data/1582554/000149
2026-09-28,market scan 2026-09-28,GRNQ,8k_reverse_split,-1,5.7,-8.3,2074580,yes,9.670000076293945,2026-09-29,9.680000305175781,2026-10-05,8.6899995803833,-10.13,-10.23,1.12,11.34,6,4,no,short bet (we can't short),,live,reverse stock split [8-k](https://www.sec.gov/archives/edgar/data/1597846/000149
2026-09-28,market scan 2026-09-28,SHFS,8k_reverse_split,-1,-3.7,-30.6,169346,no,1.3079999685287476,2026-09-29,1.3200000524520874,2026-10-05,0.8820000290870667,-32.57,-33.18,1.12,34.3,6,4,no,short bet (we can't short),,live,reverse stock split [8-k](https://www.sec.gov/archives/edgar/data/1854963/000149
2026-09-28,market scan 2026-09-28,HAIN,8k_reverse_split,-1,-10.7,-2.0,1754869,yes,0.49000000953674316,2026-09-29,0.5199999809265137,2026-10-05,0.5130000114440918,4.69,-1.35,1.12,2.46,6,4,no,short bet (we can't short),,live,reverse stock split [8-k](https://www.sec.gov/archives/edgar/data/910406/0001193
2026-09-28,market scan 2026-09-28,GOSS,8k_reverse_split,-1,2.0,5.3,2968589,yes,11.520000457763672,2026-09-29,11.680000305175781,2026-10-05,10.649999618530273,-7.55,-8.82,1.12,9.94,6,4,no,short bet (we can't short),,live,reverse stock split [8-k](https://www.sec.gov/archives/edgar/data/1728117/000172
2026-09-28,market scan 2026-09-28,SKIN,8k_reverse_split,-1,-1.5,-2.3,235830,no,0.6499999761581421,2026-09-29,0.6449999809265137,2026-10-05,0.6000000238418579,-7.69,-6.98,1.12,8.09,6,4,no,short bet (we can't short),,live,reverse stock split [8-k](https://www.sec.gov/archives/edgar/data/1818093/000162
2026-09-28,market scan 2026-09-28,FFAI,8k_reverse_split,-1,-8.5,-12.4,4944681,yes,1.409999966621399,2026-09-29,1.5299999713897705,2026-10-05,1.1699999570846558,-17.02,-23.53,1.12,24.65,6,4,no,short bet (we can't short),,live,"reverse stock split, lock-up [8-k](https://www.sec.gov/archives/edgar/data/18055"
2026-09-28,market scan 2026-09-28,PAAC,8k_reverse_split,-1,-0.3,0.0,203279,no,10.069999694824219,2026-09-29,10.0600004196167,2026-10-05,10.010000228881836,-0.6,-0.5,1.12,1.61,6,4,no,short bet (we can't short),,live,"reverse stock split, lock-up [8-k](https://www.sec.gov/archives/edgar/data/20874"
2026-09-28,market scan 2026-09-28,BEAG,8k_tender_offer,0,-1.3,-0.2,8051368,yes,10.6899995803833,2026-09-29,10.6899995803833,2026-10-05,10.6899995803833,0.0,0.0,1.12,,6,4,no,tracked only (no direction),,live,"lock-up, tender offer [8-k](https://www.sec.gov/archives/edgar/data/1852207/0001"
2026-09-28,market scan 2026-09-28,VKTX,8k_tender_offer,0,22.7,-7.1,260066786,yes,33.029998779296875,2026-09-29,33.11000061035156,2026-10-05,29.280000686645508,-11.35,-11.57,1.12,,6,4,no,tracked only (no direction),,live,"lock-up, tender offer [8-k](https://www.sec.gov/archives/edgar/data/1607678/0001"
2026-09-28,market scan 2026-09-28,XLAB,8k_lock_up,0,-17.1,-1.2,332817,yes,2.4000000953674316,2026-09-29,2.2200000286102295,2026-10-05,1.3849999904632568,-42.29,-37.61,1.12,,6,4,no,tracked only (no direction),,live,lock-up [8-k](https://www.sec.gov/archives/edgar/data/2109869/000182912626010463
2026-09-28,market scan 2026-09-28,SABR,8k_tender_offer,0,-3.5,-3.7,13083933,yes,2.0999999046325684,2026-09-29,2.0899999141693115,2026-10-05,1.9299999475479126,-8.1,-7.66,1.12,,6,4,no,tracked only (no direction),,live,tender offer [8-k](https://www.sec.gov/archives/edgar/data/1597033/0001193125264
2026-09-28,market scan 2026-09-28,AEE,8k_tender_offer,0,-2.8,0.0,175301311,yes,99.38999938964844,2026-09-29,98.7699966430664,2026-10-05,99.69999694824219,0.31,0.94,1.12,,6,4,no,tracked only (no direction),,live,tender offer [8-k](https://www.sec.gov/archives/edgar/data/1002910/0001104659261
2026-09-28,market scan 2026-09-28,PSKY,8k_tender_offer,0,-2.4,3.2,232946204,yes,10.279999732971191,2026-09-29,10.199999809265137,2026-10-05,9.774999618530273,-4.91,-4.17,1.12,,6,4,no,tracked only (no direction),,live,tender offer [8-k](https://www.sec.gov/archives/edgar/data/2041610/0001104659261
2026-09-28,market scan 2026-09-28,BRX,8k_tender_offer,0,0.1,-0.2,97334978,yes,28.0,2026-09-29,27.850000381469727,2026-10-05,27.049999237060547,-3.39,-2.87,1.12,,6,4,no,tracked only (no direction),,live,tender offer [8-k](https://www.sec.gov/archives/edgar/data/1581068/0001104659261
2026-09-29,market scan 2026-09-29,ACVA,tender_third_party,0,-0.2,-0.2,150176653,yes,10.4399995803833,2026-09-30,10.4399995803833,2026-10-05,10.5,0.57,0.57,1.15,,5,3,no,tracked only (no direction),,live,acv auctions inc. `sc to-t/a` [filing index](https://www.sec.gov/archives/edgar/
2026-09-29,market scan 2026-09-29,CPRT,tender_third_party,0,-5.8,-0.3,311331507,yes,27.139999389648438,2026-09-30,27.229999542236328,2026-10-05,27.649999618530273,1.88,1.54,1.15,,5,3,no,tracked only (no direction),,live,copart inc `sc to-t/a` [filing index](https://www.sec.gov/archives/edgar/data/90
2026-09-29,market scan 2026-09-29,YTRA,tender_third_party,0,-7.1,-0.6,36376,no,0.9509999752044678,2026-09-30,0.921999990940094,2026-10-05,0.8949999809265137,-5.89,-2.93,1.15,,5,3,no,tracked only (no direction),,live,"yatra online, inc. `sc to-t/a` [filing index](https://www.sec.gov/archives/edgar"
2026-09-29,market scan 2026-09-29,PGIM,tender_issuer_buyback,1,,,,,,,,,,,,,,,,,,,no price data,pgim private credit fund `sc to-i` [filing index](https://www.sec.gov/archives/e
2026-09-29,market scan 2026-09-29,CLYD,tender_issuer_buyback,1,,,,,,,,,,,,,,,,,,,no price data,"beacon topco, inc. `sc to-i/a` [filing index](https://www.sec.gov/archives/edgar"
2026-09-29,market scan 2026-09-29,GDEV,tender_issuer_buyback,1,-6.6,1.5,18525,no,10.859999656677246,2026-09-30,10.3100004196167,2026-10-05,11.65999984741211,7.37,13.09,1.15,11.95,5,3,no,too illiquid,,live,gdev inc. `sc to-i/a` [filing index](https://www.sec.gov/archives/edgar/data/184
2026-09-29,market scan 2026-09-29,UTMD,tender_issuer_buyback,1,0.0,0.6,2545627,yes,74.94999694824219,2026-09-30,74.94999694824219,2026-10-05,73.30999755859375,-2.19,-2.19,1.15,-3.33,5,3,yes,,-4.33,live,utah medical products inc `sc to-i/a` [filing index](https://www.sec.gov/archive
2026-09-29,market scan 2026-09-29,DV,merger_vote,0,-0.3,0.0,48975816,yes,13.399999618530273,2026-09-30,13.460000038146973,2026-10-05,13.4399995803833,0.3,-0.15,1.15,,5,3,no,tracked only (no direction),,live,"doubleverify holdings, inc. `defm14a` [filing index](https://www.sec.gov/archive"
2026-09-29,market scan 2026-09-29,BSAA,activist_13d,1,1.3,0.0,21879,no,11.300000190734863,2026-09-30,11.300000190734863,2026-10-05,11.25,-0.44,-0.44,1.15,-1.59,5,3,no,too illiquid,,live,best spac i acquisition corp. `schedule 13d` [filing index](https://www.sec.gov/
2026-09-29,market scan 2026-09-29,BRSP,activist_13d,1,-2.9,-0.7,7521528,yes,4.03000020980835,2026-09-30,3.9100000858306885,2026-10-05,3.7699999809265137,-6.45,-3.58,1.15,-4.73,5,3,yes,,-5.73,live,"brightspire capital, inc. `schedule 13d` [filing index](https://www.sec.gov/arch"
2026-09-29,market scan 2026-09-29,MNY,activist_13d,1,-2.2,7.1,26922,no,0.7229999899864197,2026-09-30,0.7099999785423279,2026-10-05,0.6699000000953674,-7.34,-5.65,1.15,-6.79,5,3,no,too illiquid,,live,moneyhero ltd `schedule 13d` [filing index](https://www.sec.gov/archives/edgar/d
2026-09-29,market scan 2026-09-29,NSAI,activist_13d,1,0.0,0.1,629297,yes,9.880000114440918,2026-09-30,9.880000114440918,2026-10-05,9.885000228881836,0.05,0.05,1.15,-1.1,5,3,yes,,-2.1,live,northstrive acquisition corp i. `schedule 13d` [filing index](https://www.sec.go
2026-09-29,market scan 2026-09-29,ELAB,activist_13d,1,8.1,-23.2,237248,no,3.6700000762939453,2026-09-30,3.75,2026-10-05,3.2699999809265137,-10.9,-12.8,1.15,-13.95,5,3,no,too illiquid,,live,pmgc holdings inc. `schedule 13d` [filing index](https://www.sec.gov/archives/ed
2026-09-29,market scan 2026-09-29,PPLI,activist_13d,1,7.8,2.8,50060893,yes,40.7400016784668,2026-09-30,40.7400016784668,2026-10-05,41.72999954223633,2.43,2.43,1.15,1.28,5,3,yes,,0.28,live,people inc `schedule 13d` [filing index](https://www.sec.gov/archives/edgar/data
2026-09-29,market scan 2026-09-29,KRKR,registration_effective,-1,-0.5,-2.0,11257,no,3.0,2026-09-30,3.2100000381469727,2026-10-02,3.0,0.0,-6.54,1.15,7.69,2,2,no,short bet (we can't short),,live,36kr holdings inc. `effect` [filing index](https://www.sec.gov/archives/edgar/da
2026-09-29,market scan 2026-09-29,CLNK,registration_effective,-1,15.5,-2.8,1515177,yes,26.760000228881836,2026-09-30,26.799999237060547,2026-10-05,25.329999923706055,-5.34,-5.49,1.15,6.63,5,3,no,short bet (we can't short),,live,bitwise chainlink etf `effect` [filing index](https://www.sec.gov/archives/edgar
2026-09-29,market scan 2026-09-29,XRP,registration_effective,-1,-1.8,0.8,32702164,yes,16.690000534057617,2026-09-30,17.139999389648438,2026-10-05,16.799999237060547,0.66,-1.98,1.15,3.13,5,3,no,short bet (we can't short),,live,bitwise xrp etf `effect` [filing index](https://www.sec.gov/archives/edgar/data/
2026-09-29,market scan 2026-09-29,FEMY,registration_effective,-1,-5.9,-12.2,194637,no,2.0899999141693115,2026-09-30,2.190000057220459,2026-10-05,2.0199999809265137,-3.35,-7.76,1.15,8.91,5,3,no,short bet (we can't short),,live,femasys inc `effect` [filing index](https://www.sec.gov/archives/edgar/data/1339
2026-09-29,market scan 2026-09-29,FFBC,registration_effective,-1,0.6,-1.5,30178565,yes,31.450000762939453,2026-09-30,31.520000457763672,2026-10-05,31.510000228881836,0.19,-0.03,1.15,1.18,5,3,no,short bet (we can't short),,live,first financial bancorp /oh/ `effect` [filing index](https://www.sec.gov/archive
2026-09-29,market scan 2026-09-29,FLD,registration_effective,-1,-13.6,5.9,199907,no,0.5400000214576721,2026-09-30,0.5350000262260437,2026-10-05,0.5619000196456909,4.06,5.03,1.15,-3.88,5,3,no,short bet (we can't short),,live,"fold holdings, inc. `effect` [filing index](https://www.sec.gov/archives/edgar/d"
2026-09-29,market scan 2026-09-29,GWAV,registration_effective,-1,-7.5,5.5,211856,no,2.4800000190734863,2026-09-30,2.4100000858306885,2026-10-05,2.369999885559082,-4.44,-1.66,1.15,2.81,5,3,no,short bet (we can't short),,live,"greenwave technology solutions, inc. `effect` [filing index](https://www.sec.gov"
2026-09-29,market scan 2026-09-29,MBAI,registration_effective,-1,-35.3,-6.7,171191,no,3.75,2026-09-30,3.575000047683716,2026-10-05,3.059999942779541,-18.4,-14.41,1.15,15.55,5,3,no,short bet (we can't short),,live,mbody ai ltd. `effect` [filing index](https://www.sec.gov/archives/edgar/data/16
2026-09-29,market scan 2026-09-29,MLSS,registration_effective,-1,5.1,0.0,32517,no,0.4099999964237213,2026-09-30,0.41999998688697815,2026-10-05,0.3619999885559082,-11.71,-13.81,1.15,14.96,5,3,no,short bet (we can't short),,live,milestone scientific inc. `effect` [filing index](https://www.sec.gov/archives/e
2026-09-29,market scan 2026-09-29,NIVF,registration_effective,-1,-52.1,-79.1,850495,yes,0.07199999690055847,2026-09-30,0.16699999570846558,2026-10-05,0.10999999940395355,52.78,-34.13,1.15,35.28,5,3,no,short bet (we can't short),,live,newgenivf group ltd `effect` [filing index](https://www.sec.gov/archives/edgar/d
2026-09-29,market scan 2026-09-29,RZAI,registration_effective,-1,,,,no,,2026-09-30,27.6299991607666,2026-10-05,12.90999984741211,,-53.28,1.15,54.42,5,3,no,short bet (we can't short),,live,roze ai inc. `effect` [filing index](https://www.sec.gov/archives/edgar/data/207
2026-09-29,market scan 2026-09-29,GBTG,delisting,0,,0.0,18706640,yes,9.5,,,2026-09-29,9.5,,,,,,,,,,pending (enters next session open),"global business travel group, inc. `25-nse` [filing index](https://www.sec.gov/a"
2026-09-29,market scan 2026-09-29,LWLG,8k_strategic_review,1,-8.8,3.4,14321714,yes,5.170000076293945,2026-09-30,5.159999847412109,2026-10-05,5.550000190734863,7.35,7.56,1.15,6.41,5,3,no,"false positive: a director's bio, not a review",,live,strategic alternatives [8-k](https://www.sec.gov/archives/edgar/data/1325964/000
2026-09-29,market scan 2026-09-29,CNTY,8k_strategic_review,1,-6.3,1.9,50393,no,1.0700000524520874,2026-09-30,1.0700000524520874,2026-10-05,1.0299999713897705,-3.74,-3.74,1.15,-4.88,5,3,no,too illiquid,,live,strategic review [8-k](https://www.sec.gov/archives/edgar/data/911147/0000911147
2026-09-29,market scan 2026-09-29,JELD,8k_strategic_review,1,3.5,12.4,3304299,yes,1.9900000095367432,2026-09-30,1.9900000095367432,2026-10-05,1.7599999904632568,-11.56,-11.56,1.15,-12.7,5,3,yes,,-13.7,live,strategic review [8-k](https://www.sec.gov/archives/edgar/data/1674335/000167433
2026-09-29,market scan 2026-09-29,CRTD,8k_reverse_split,-1,49.1,12.9,7399,no,4.800000190734863,2026-09-30,4.650000095367432,2026-10-02,4.199999809265137,-12.5,-9.68,1.15,10.82,2,2,no,short bet (we can't short),,live,"spin-off, reverse stock split, lock-up, tender offer [8-k](https://www.sec.gov/a"
2026-09-29,market scan 2026-09-29,AIR,8k_reverse_split,-1,-1.0,-7.2,62021289,yes,106.75,2026-09-30,107.19999694824219,2026-10-05,102.23999786376953,-4.22,-4.63,1.15,5.77,5,3,no,short bet (we can't short),,live,"spin-off, reverse stock split, lock-up [8-k](https://www.sec.gov/archives/edgar/"
2026-09-29,market scan 2026-09-29,IMNN,8k_spin_off,0,-3.5,-2.9,216508,no,1.340000033378601,2026-09-30,1.2799999713897705,2026-10-05,1.2400000095367432,-7.46,-3.12,1.15,,5,3,no,tracked only (no direction),,live,spin-off [8-k](https://www.sec.gov/archives/edgar/data/749647/000149315226044792
2026-09-29,market scan 2026-09-29,LBSR,8k_reverse_split,-1,-17.4,-3.7,6243,no,0.018300000578165054,2026-09-30,0.02160000056028366,2026-10-05,0.017999999225139618,-1.64,-16.67,1.15,17.81,5,3,no,short bet (we can't short),,live,"spin-off, reverse stock split [8-k](https://www.sec.gov/archives/edgar/data/1172"
2026-09-29,market scan 2026-09-29,ONMD,8k_reverse_split,-1,-8.0,-17.7,281300,yes,5.209000110626221,2026-09-30,5.599999904632568,2026-10-05,5.110000133514404,-1.9,-8.75,1.15,9.9,5,3,no,short bet (we can't short),,live,reverse stock split [8-k](https://www.sec.gov/archives/edgar/data/1849380/000149
2026-09-29,market scan 2026-09-29,TRUG,8k_reverse_split,-1,-38.4,11.3,27843200,yes,2.9600000381469727,2026-09-30,2.75,2026-10-05,2.559999942779541,-13.51,-6.91,1.15,8.05,5,3,no,short bet (we can't short),,live,reverse stock split [8-k](https://www.sec.gov/archives/edgar/data/1857086/000149
2026-09-29,market scan 2026-09-29,LIMN,8k_reverse_split,-1,17.3,-8.4,101753,no,3.9100000858306885,2026-09-30,3.809999942779541,2026-10-05,3.990000009536743,2.05,4.72,1.15,-3.58,5,3,no,short bet (we can't short),,live,reverse stock split [8-k](https://www.sec.gov/archives/edgar/data/1971387/000110
2026-09-29,market scan 2026-09-29,LABT,8k_reverse_split,-1,-43.9,-13.9,3509427,yes,0.9900000095367432,2026-09-30,0.9700000286102295,2026-10-05,0.8549000024795532,-13.65,-11.87,1.15,13.01,5,3,no,short bet (we can't short),,live,reverse stock split [8-k](https://www.sec.gov/archives/edgar/data/2079272/000121
2026-09-29,market scan 2026-09-29,SURG,8k_reverse_split,-1,-15.0,11.0,4232218,yes,0.1509999930858612,2026-09-30,0.1459999978542328,2026-10-05,0.1451999992132187,-3.84,-0.55,1.15,1.69,5,3,no,short bet (we can't short),,live,reverse stock split [8-k](https://www.sec.gov/archives/edgar/data/1392694/000149
2026-09-29,market scan 2026-09-29,BBLG,8k_reverse_split,-1,4.2,0.0,161163,no,0.4959999918937683,2026-09-30,0.4909999966621399,2026-10-05,0.4851999878883362,-2.18,-1.18,1.15,2.33,5,3,no,short bet (we can't short),,live,reverse stock split [8-k](https://www.sec.gov/archives/edgar/data/1419554/000149
2026-09-29,market scan 2026-09-29,WHLR,8k_reverse_split,-1,97.6,-18.3,31645777,yes,3.3399999141693115,2026-09-30,3.109999895095825,2026-10-05,1.090000033378601,-67.37,-64.95,1.15,66.1,5,3,no,short bet (we can't short),,live,reverse stock split [8-k](https://www.sec.gov/archives/edgar/data/1527541/000152
2026-09-29,market scan 2026-09-29,GOAI,8k_reverse_split,-1,10.9,-3.1,457020,yes,1.8799999952316284,2026-09-30,1.850000023841858,2026-10-05,1.8200000524520874,-3.19,-1.62,1.15,2.77,5,3,no,short bet (we can't short),,live,reverse stock split [8-k](https://www.sec.gov/archives/edgar/data/1983736/000149
2026-09-29,market scan 2026-09-29,GENK,8k_reverse_split,-1,-0.6,-0.6,76665,no,1.7000000476837158,2026-09-30,1.7200000286102295,2026-10-05,1.6100000143051147,-5.29,-6.4,1.15,7.54,5,3,no,short bet (we can't short),,live,reverse stock split [8-k](https://www.sec.gov/archives/edgar/data/1891856/000119
2026-09-29,market scan 2026-09-29,SMMT,8k_reverse_split,-1,-8.4,5.9,123082584,yes,16.389999389648438,2026-09-30,16.59000015258789,2026-10-05,17.270000457763672,5.37,4.1,1.15,-2.95,5,3,no,short bet (we can't short),,live,reverse stock split [8-k](https://www.sec.gov/archives/edgar/data/1599298/000119
2026-09-29,market scan 2026-09-29,VRME,8k_reverse_split,-1,,,,no,,2026-09-30,8.130000114440918,2026-09-30,8.979999542236328,,10.46,1.15,-9.31,0,0,no,short bet (we can't short),,live,"reverse stock split, lock-up [8-k](https://www.sec.gov/archives/edgar/data/11040"
2026-09-29,market scan 2026-09-29,SSTI,8k_reverse_split,-1,-0.4,50.1,2529889,yes,8.210000038146973,2026-09-30,8.210000038146973,2026-10-05,8.319999694824219,1.34,1.34,1.15,-0.19,5,3,no,short bet (we can't short),,live,"reverse stock split, tender offer [8-k](https://www.sec.gov/archives/edgar/data/"
2026-09-29,market scan 2026-09-29,FWAC,8k_reverse_split,-1,0.0,0.1,660002,yes,9.949999809265137,2026-09-30,9.949999809265137,2026-10-05,9.949999809265137,0.0,0.0,1.15,1.15,5,3,no,short bet (we can't short),,live,"reverse stock split, lock-up [8-k](https://www.sec.gov/archives/edgar/data/21161"
2026-09-29,market scan 2026-09-29,ELME,8k_special_dividend,0,-2.9,1.2,1175076,yes,1.7200000286102295,2026-09-30,1.7599999904632568,2026-10-05,1.75,1.74,-0.57,1.15,,5,3,no,tracked only (no direction),,live,special dividend [8-k](https://www.sec.gov/archives/edgar/data/104894/0000104894
2026-09-29,market scan 2026-09-29,HAVA,8k_tender_offer,0,0.2,0.0,534800,yes,10.239999771118164,2026-09-30,10.239999771118164,2026-10-05,10.25,0.1,0.1,1.15,,5,3,no,tracked only (no direction),,live,"lock-up, tender offer [8-k](https://www.sec.gov/archives/edgar/data/2042460/0001"
2026-09-29,market scan 2026-09-29,AIXC,8k_lock_up,0,,,4935465,yes,1.0099999904632568,,,2026-09-29,1.0099999904632568,,,,,,,,,,pending (enters next session open),lock-up [8-k](https://www.sec.gov/archives/edgar/data/1460702/000149315226044666
2026-09-29,market scan 2026-09-29,DAIC,8k_lock_up,0,-9.4,-13.5,36912258,yes,2.819999933242798,2026-09-30,2.890000104904175,2026-10-05,2.5899999141693115,-8.16,-10.38,1.15,,5,3,no,tracked only (no direction),,live,lock-up [8-k](https://www.sec.gov/archives/edgar/data/2033770/000121390026104296
2026-09-29,market scan 2026-09-29,ONEN,8k_lock_up,0,-80.2,21.9,2964853,yes,2.619999885559082,2026-09-30,2.4600000381469727,2026-10-05,2.130000114440918,-18.7,-13.41,1.15,,5,3,no,tracked only (no direction),,live,lock-up [8-k](https://www.sec.gov/archives/edgar/data/1846416/000149315226044924
2026-09-29,market scan 2026-09-29,BRRK,8k_tender_offer,0,,,,,,,,,,,,,,,,,,,no price data,"lock-up, tender offer [8-k](https://www.sec.gov/archives/edgar/data/2098410/0001"
2026-09-29,market scan 2026-09-29,TDG,8k_tender_offer,0,-0.0,-0.9,436076413,yes,1099.7900390625,2026-09-30,1099.3599853515625,2026-10-05,1092.6600341796875,-0.65,-0.61,1.15,,5,3,no,tracked only (no direction),,live,tender offer [8-k](https://www.sec.gov/archives/edgar/data/1260221/0001193125264
2026-10-02,market scan 2026-10-02,HZO,merger_vote,0,-0.2,0.0,41437402,yes,52.349998474121094,2026-10-05,52.27000045776367,2026-10-05,52.349998474121094,0.0,0.15,0.51,,0,0,no,tracked only (no direction),,live,marinemax inc `defm14a` [filing index](https://www.sec.gov/archives/edgar/data/1
2026-10-02,market scan 2026-10-02,UTZ,merger_vote,0,0.1,0.1,21555087,yes,14.270000457763672,2026-10-05,14.289999961853027,2026-10-05,14.279999732971191,0.07,-0.07,0.51,,0,0,no,tracked only (no direction),,live,"utz brands, inc. `defm14a` [filing index](https://www.sec.gov/archives/edgar/dat"
2026-10-02,market scan 2026-10-02,VCTR,merger_vote,0,5.3,1.3,83502926,yes,113.2300033569336,2026-10-05,114.41999816894531,2026-10-05,115.27999877929688,1.81,0.75,0.51,,0,0,no,tracked only (no direction),,live,"victory capital holdings, inc. `prem14a` [filing index](https://www.sec.gov/arch"
2026-10-02,market scan 2026-10-02,ADRX,activist_13d,1,,-6.6,30697647,yes,18.25,2026-10-05,18.25,2026-10-05,19.049999237060547,4.38,4.38,0.51,3.88,0,0,yes,,2.88,live,"adarx pharmaceuticals, inc. `schedule 13d` [filing index](https://www.sec.gov/ar"
2026-10-02,market scan 2026-10-02,ATER,activist_13d,1,-9.6,7.4,3618922,yes,0.6549999713897705,2026-10-05,0.6399999856948853,2026-10-05,0.6355999708175659,-2.96,-0.69,0.51,-1.19,0,0,no,under $1,,live,"aterian, inc. `schedule 13d` [filing index](https://www.sec.gov/archives/edgar/d"
2026-10-02,market scan 2026-10-02,GOW,activist_13d,1,-60.2,29.9,6497864,yes,3.869999885559082,2026-10-05,3.9200000762939453,2026-10-05,4.329999923706055,11.89,10.46,0.51,9.95,0,0,yes,,8.95,live,gowell energy technology `schedule 13d` [filing index](https://www.sec.gov/archi
2026-10-02,market scan 2026-10-02,LGMK,activist_13d,1,0.0,2.7,3433,no,1.1299999952316284,2026-10-05,1.100000023841858,2026-10-05,1.0399999618530273,-7.96,-5.45,0.51,-5.96,0,0,no,too illiquid,,live,"logicmark, inc. `schedule 13d` [filing index](https://www.sec.gov/archives/edgar"
2026-10-02,market scan 2026-10-02,SSTI,activist_13d,1,54.3,-1.3,2729754,yes,8.329999923706055,2026-10-05,8.329999923706055,2026-10-05,8.319999694824219,-0.12,-0.12,0.51,-0.63,0,0,yes,,-1.63,live,"soundthinking, inc. `schedule 13d` [filing index](https://www.sec.gov/archives/e"
2026-10-02,market scan 2026-10-02,ZDGE,activist_13d,1,-1.0,0.3,190964,no,3.0,2026-10-05,3.0399999618530273,2026-10-05,2.930000066757202,-2.33,-3.62,0.51,-4.13,0,0,no,too illiquid,,live,"zedge, inc. `schedule 13d` [filing index](https://www.sec.gov/archives/edgar/dat"
2026-10-02,market scan 2026-10-02,BSEM,share_registration,-1,-20.9,-11.1,780244,yes,2.7300000190734863,2026-10-05,2.740000009536743,2026-10-05,2.755000114440918,0.92,0.55,0.51,-0.04,0,0,no,short bet (we can't short),,live,"biostem technologies, inc. `s-1` [filing index](https://www.sec.gov/archives/edg"
2026-10-02,market scan 2026-10-02,HCWB,share_registration,-1,-15.1,-0.6,1917094,yes,1.6799999475479126,2026-10-05,1.6399999856948853,2026-10-05,1.6399999856948853,-2.38,0.0,0.51,0.51,0,0,no,short bet (we can't short),,live,hcw biologics inc. `s-1` [filing index](https://www.sec.gov/archives/edgar/data/
2026-10-02,market scan 2026-10-02,SBFM,share_registration,-1,-14.0,-3.1,134515,no,0.6669999957084656,2026-10-05,0.48500001430511475,2026-10-05,0.42010000348091125,-37.02,-13.38,0.51,13.89,0,0,no,short bet (we can't short),,live,sunshine biopharma inc. `s-1` [filing index](https://www.sec.gov/archives/edgar/
2026-10-02,market scan 2026-10-02,VDTA,share_registration,-1,-6.8,-0.3,176885,no,5.25,2026-10-05,5.25,2026-10-05,4.340000152587891,-17.33,-17.33,0.51,17.84,0,0,no,short bet (we can't short),,live,vertical data inc. `s-1` [filing index](https://www.sec.gov/archives/edgar/data/
2026-10-02,market scan 2026-10-02,BNS,registration_effective,-1,-1.7,0.6,172928124,yes,91.19000244140625,2026-10-05,91.0999984741211,2026-10-05,90.27999877929688,-1.0,-0.9,0.51,1.41,0,0,no,short bet (we can't short),,live,bank of nova scotia `effect` [filing index](https://www.sec.gov/archives/edgar/d
2026-10-02,market scan 2026-10-02,FDCT,registration_effective,-1,-25.3,-6.5,8857,no,2.009999990463257,,,2026-10-02,2.009999990463257,,,,,,,,,,pending (enters next session open),"fdctech, inc. `effect` [filing index](https://www.sec.gov/archives/edgar/data/17"
2026-10-02,market scan 2026-10-02,INM,registration_effective,-1,-3.6,-1.5,88569,no,1.3300000429153442,2026-10-05,1.3600000143051147,2026-10-05,1.3300000429153442,0.0,-2.21,0.51,2.71,0,0,no,short bet (we can't short),,live,inmed pharmaceuticals inc. `effect` [filing index](https://www.sec.gov/archives/
2026-10-02,market scan 2026-10-02,NEOV,registration_effective,-1,5.2,21.0,4837541,yes,3.049999952316284,2026-10-05,3.069999933242798,2026-10-05,2.9600000381469727,-2.95,-3.58,0.51,4.09,0,0,no,short bet (we can't short),,live,neovolta inc. `effect` [filing index](https://www.sec.gov/archives/edgar/data/17
2026-10-02,market scan 2026-10-02,PLRZ,registration_effective,-1,-1.8,-6.9,514514,yes,9.609999656677246,2026-10-05,9.479999542236328,2026-10-05,9.260000228881836,-3.64,-2.32,0.51,2.83,0,0,no,short bet (we can't short),,live,polyrizon ltd. `effect` [filing index](https://www.sec.gov/archives/edgar/data/1
2026-10-02,market scan 2026-10-02,TPST,registration_effective,-1,-5.2,0.6,8440335,yes,0.8109999895095825,2026-10-05,0.800000011920929,2026-10-05,0.7925999760627747,-2.27,-0.93,0.51,1.43,0,0,no,short bet (we can't short),,live,"tempest therapeutics, inc. `effect` [filing index](https://www.sec.gov/archives/"
2026-10-02,market scan 2026-10-02,PORT,ipo_priced,0,,,,,,,,,,,,,,,,,,,no price data,southport acquisition corp. ii `424b4` [filing index](https://www.sec.gov/archiv
2026-10-02,market scan 2026-10-02,GETY,delisting,0,-50.6,-47.5,812038,yes,0.041999999433755875,2026-10-05,0.0430000014603138,2026-10-05,0.04100000113248825,-2.38,-4.65,0.51,,0,0,no,tracked only (no direction),,live,"getty images holdings, inc. `25-nse` [filing index](https://www.sec.gov/archives"
2026-10-02,market scan 2026-10-02,KAVL,delisting,0,25.0,0.0,482,no,0.029999999329447746,2026-10-05,0.030300000682473183,2026-10-05,0.030400000512599945,1.33,0.33,0.51,,0,0,no,tracked only (no direction),,live,"kaival brands innovations group, inc. `25-nse` [filing index](https://www.sec.go"
2026-10-02,market scan 2026-10-02,MAXNQ,delisting,0,0.0,0.0,4,no,0.00019999999494757503,,,2026-10-02,0.00019999999494757503,,,,,,,,,,pending (enters next session open),"maxeon solar technologies, ltd. `25-nse` [filing index](https://www.sec.gov/arch"
2026-10-02,market scan 2026-10-02,VACI,delisting,0,,,125402,no,7.719900131225586,,,2026-10-01,7.719900131225586,,,,,,,,,,pending (enters next session open),viking acquisition corp i `25-nse` [filing index](https://www.sec.gov/archives/e
2026-10-02,market scan 2026-10-02,MKZR,8k_strategic_review,1,0.1,-3.0,17370,no,1.3389999866485596,2026-10-05,1.3960000276565552,2026-10-05,1.350000023841858,0.82,-3.3,0.51,-3.8,0,0,no,too illiquid,,live,strategic alternatives [8-k](https://www.sec.gov/archives/edgar/data/1550913/000
2026-10-02,market scan 2026-10-02,BNBX,8k_strategic_review,1,-7.1,7.7,3150,no,0.14000000059604645,2026-10-05,0.12999999523162842,2026-10-05,0.13109999895095825,-6.36,0.85,0.51,0.34,0,0,no,too illiquid,,live,strategic review [8-k](https://www.sec.gov/archives/edgar/data/744452/0001104659
2026-10-02,market scan 2026-10-02,FLEX,8k_spin_off,0,0.3,3.4,359301132,yes,116.61000061035156,2026-10-05,116.5,2026-10-05,116.76000213623047,0.13,0.22,0.51,,0,0,no,tracked only (no direction),,live,spin-off [8-k](https://www.sec.gov/archives/edgar/data/866374/000110465926113282
2026-10-02,market scan 2026-10-02,VTAK,8k_reverse_split,-1,-6.2,0.0,247889,no,0.15000000596046448,,,2026-10-02,0.15000000596046448,,,,,,,,,,pending (enters next session open),reverse stock split [8-k](https://www.sec.gov/archives/edgar/data/1716621/000143
2026-10-02,market scan 2026-10-02,JOB,8k_reverse_split,-1,-4.3,-4.5,42806,no,0.20999999344348907,2026-10-05,0.21119999885559082,2026-10-05,0.2151000052690506,2.43,1.85,0.51,-1.34,0,0,no,short bet (we can't short),,live,reverse stock split [8-k](https://www.sec.gov/archives/edgar/data/40570/00014779
2026-10-02,market scan 2026-10-02,HCTI,8k_reverse_split,-1,-3.8,3.3,3676085,yes,0.7250000238418579,2026-10-05,0.5995000004768372,2026-10-05,0.6068999767303467,-16.29,1.23,0.51,-0.73,0,0,no,short bet (we can't short),,live,reverse stock split [8-k](https://www.sec.gov/archives/edgar/data/1839285/000121
2026-10-02,market scan 2026-10-02,OPNW,8k_reverse_split,-1,-52.6,-2.5,10349167,yes,5.400000095367432,2026-10-05,5.179999828338623,2026-10-05,5.929999828338623,9.81,14.48,0.51,-13.97,0,0,no,short bet (we can't short),,live,reverse stock split [8-k](https://www.sec.gov/archives/edgar/data/1104038/000121
2026-10-02,market scan 2026-10-02,CYCU,8k_reverse_split,-1,-5.9,42.0,9919015,yes,3.819999933242798,2026-10-05,3.5999999046325684,2026-10-05,3.680000066757202,-3.66,2.22,0.51,-1.72,0,0,no,short bet (we can't short),,live,reverse stock split [8-k](https://www.sec.gov/archives/edgar/data/1868419/000186
2026-10-02,market scan 2026-10-02,XELB,8k_reverse_split,-1,-10.3,-7.3,16048,no,0.6570000052452087,2026-10-05,0.800000011920929,2026-10-05,0.6370000243186951,-3.04,-20.37,0.51,20.88,0,0,no,short bet (we can't short),,live,reverse stock split [8-k](https://www.sec.gov/archives/edgar/data/1083220/000110
2026-10-02,market scan 2026-10-02,DARE,8k_reverse_split,-1,14.8,-0.9,198971,no,0.8429999947547913,2026-10-05,0.8399999737739563,2026-10-05,0.8431000113487244,0.01,0.37,0.51,0.14,0,0,no,short bet (we can't short),,live,reverse stock split [8-k](https://www.sec.gov/archives/edgar/data/1401914/000140
2026-10-02,market scan 2026-10-02,CNTM,8k_lock_up,0,-3.1,-8.8,22667,no,4.550000190734863,2026-10-05,4.550000190734863,2026-10-05,4.03000020980835,-11.43,-11.43,0.51,,0,0,no,tracked only (no direction),,live,lock-up [8-k](https://www.sec.gov/archives/edgar/data/1895249/000110465926113270
2026-10-02,market scan 2026-10-02,SILO,8k_lock_up,0,-14.3,-2.8,182235,no,1.4579999446868896,2026-10-05,1.350000023841858,2026-10-05,1.4900000095367432,2.19,10.37,0.51,,0,0,no,tracked only (no direction),,live,lock-up [8-k](https://www.sec.gov/archives/edgar/data/1514183/000121390026106435
2026-10-02,market scan 2026-10-02,HCAC,8k_lock_up,0,0.2,-0.2,849447,yes,10.130000114440918,,,2026-10-02,10.130000114440918,,,,,,,,,,pending (enters next session open),lock-up [8-k](https://www.sec.gov/archives/edgar/data/2079013/000182912626010706
2026-10-02,market scan 2026-10-02,COLA,8k_lock_up,0,,,899213,yes,2.859999895095825,,,2026-10-01,2.859999895095825,,,,,,,,,,pending (enters next session open),lock-up [8-k](https://www.sec.gov/archives/edgar/data/2028201/000121390026106080
2026-10-02,market scan 2026-10-02,NNE,8k_tender_offer,0,-7.6,-0.7,32293070,yes,15.619999885559082,2026-10-05,15.699999809265137,2026-10-05,15.510000228881836,-0.7,-1.21,0.51,,0,0,no,tracked only (no direction),,live,"lock-up, tender offer [8-k](https://www.sec.gov/archives/edgar/data/1923891/0001"
2026-10-02,market scan 2026-10-02,BRRK,8k_tender_offer,0,,,,,,,,,,,,,,,,,,,no price data,"lock-up, tender offer [8-k](https://www.sec.gov/archives/edgar/data/2098410/0001"
