found,source,ticker,category,direction,note
2026-09-28,first catalyst scan (X post 28 Sep),WHF,idea_catalyst,1,passed scan gates; long thesis
2026-09-28,first catalyst scan (X post 28 Sep),CHDN,idea_catalyst,1,strategic alternatives 8-K
2026-09-28,first catalyst scan (X post 28 Sep),RYAM,idea_catalyst,1,potential sale; expected +$1-3
2026-09-29,watchlist thread (X 29 Sep),CTVA,idea_spinoff,0,parent of VYLR spin (track)
2026-09-29,watchlist thread (X 29 Sep),THRM,idea_merger,0,MOD RMT closes 1 Oct; $2.07 special div (track)
2026-09-29,watchlist thread (X 29 Sep),HMH,idea_overhang,-1,resale S-1 31.9M shares (supply)
2026-09-30,X post 30 Sep,MOD,idea_merger,0,RemainCo after RMT (track)
2026-09-30,watchlist,TWST,idea_overhang,0,insider lock-up / Form 144s (track)
2026-10-01,first trading day,VYLR,idea_spinoff,0,spin-off watch (track)
2026-10-04,KNRX-like screen,GOVX,setup_supply_deficiency,0,EFFECT 24 Sep + listing deficiency Aug; $0.32; track for promo spike
2026-10-04,KNRX-like screen,SNTI,setup_supply_deficiency,0,EFFECT 25 Sep + deficiency 2 Sep; $0.32
2026-10-04,KNRX-like screen,DYAI,setup_supply_deficiency,0,EFFECT 21 Sep + deficiency 25 Sep; $0.46
2026-10-04,KNRX-like screen,GXAI,setup_supply_deficiency,0,EFFECT 22 Sep + deficiency 1 Oct; $0.52
2026-10-04,KNRX-like screen,VHUB,setup_supply_deficiency,0,EFFECT 15 Sep + deficiency 2 Sep; $0.48
2026-10-04,KNRX-like screen,FLD,setup_supply_deficiency,0,EFFECT 29 Sep + deficiency Jul; $0.54
2026-10-04,KNRX-like screen,GWH,setup_supply_deficiency,0,EFFECT 17 Sep + deficiency 30 Sep; $0.16
2026-10-04,KNRX-like screen,HCTI,setup_supply_deficiency,0,EFFECT 1 Oct + deficiency 2 Oct + reverse split; $0.73
2026-10-04,KNRX-like screen,POLA,setup_supply_deficiency,0,EFFECT 28 Sep + deficiency Jul; $1.16
2026-10-04,KNRX-like screen,CYAB,setup_supply_deficiency,0,EFFECT 21 Sep + deficiency Jun; $0.20
