date,ticker,verdict,score,close
2026-10-05,MTUS,OWN,7/10,21.04
2026-10-06,ELMT,AVOID now; watch the lock-up supply,8/10,23.79
2026-10-06,RYAM,WATCH,6/10,6.83
2026-10-06,MOD,WATCH,5/10,189.865
2026-10-06,THRM,WATCH,5/10,31.745
2026-10-06,WHF,WATCH,5/10,7.04
2026-10-06,CTVA,WATCH,4/10,13.975
2026-10-06,TWST,AVOID,3/10,170.44
2026-10-06,VYLR,WATCH,2/10,72.25
2026-10-06,HMH,WATCH,2/10,18.85
2026-10-06,CHDN,AVOID (kill),1/10,78.225
2026-10-06,GOVX,AVOID,6/10,0.2919
2026-10-06,SNTI,AVOID,6/10,0.3251
2026-10-06,DYAI,AVOID,5/10,0.4541
2026-10-06,GXAI,AVOID,5/10,0.4622
2026-10-06,VHUB,AVOID,5/10,0.4293
2026-10-06,FLD,AVOID,6/10,0.5879
2026-10-06,GWH,AVOID,6/10,0.155
2026-10-06,HCTI,AVOID,6/10,0.5554
2026-10-06,POLA,AVOID,6/10,1.15
2026-10-06,CYAB,AVOID,5/10,0.195
