published_utc,wire,ticker,exchange,title,link,matched_on
2026-10-05T13:00:00Z,PR Newswire,SNPS,NASDAQ,Synopsys Initiates $1 Billion Accelerated Share Repurchase Agreement,https://www.prnewswire.com/news-releases/synopsys-initiates-1-billion-accelerated-share-repurchase-agreement-302897871.html,keyword:share repurchase
2026-10-05T12:40:00Z,Business Wire,MOBX,NASDAQ,U.S. Based Rare Earth Company Winner Water to Join SPD and Mobix Labs (Nasdaq: MOBX) National Security Matters Initiative,http://www.businesswire.com/news/home/20261005335144/en/U.S.-Based-Rare-Earth-Company-Winner-Water-to-Join-SPD-and-Mobix-Labs-Nasdaq-MOBX-National-Security-Matters-Initiative/?feedref=JjAwJuNHiystnCoBq_hl-Rc4vIAVcHHkbDcwJimU8QtrtlakeQ9hNboBqTAWIjTge3KWq9s9jif-UkBjBsFRyYAbRTSLTc1mgvhPlnaBA55M-oupQnbXnhKsYk8RmHF_kAy2gZikaX3QWV6xOvgFlA==,keyword:definitive agreement
2026-10-05T12:15:00Z,Business Wire,NTR,NYSE,Nutrien Provides Update on Trinidad Nitrogen Operations,http://www.businesswire.com/news/home/20261004778075/en/Nutrien-Provides-Update-on-Trinidad-Nitrogen-Operations/?feedref=JjAwJuNHiystnCoBq_hl-eAh7yh3ccNzLJZaxyWkP0mljpP0CpzuEOW8PSMzp0v37dI9_69nqXXndEkzoNy31peBvhKXN8xoKDPrCnMXhC58cMd5Jhr97vTYoLZQbGkSHGnYFEfW-VLubTIB9HxyrA==,keyword:strategic alternatives
2026-10-05T12:00:00Z,Business Wire,GEHC,NASDAQ,"GE HealthCare to Acquire SOFIE Biosciences, Establishing a 'Final Mile' Footprint for PET Radiopharmaceutical Supply in the U.S.",http://www.businesswire.com/news/home/20261005273717/en/GE-HealthCare-to-Acquire-SOFIE-Biosciences-Establishing-a-Final-Mile-Footprint-for-PET-Radiopharmaceutical-Supply-in-the-U.S./?feedref=JjAwJuNHiystnCoBq_hl-Rc4vIAVcHHkbDcwJimU8QtrtlakeQ9hNboBqTAWIjTge3KWq9s9jif-UkBjBsFRyYAbRTSLTc1mgvhPlnaBA55M-oupQnbXnhKsYk8RmHF_kAy2gZikaX3QWV6xOvgFlA==,keyword:definitive agreement
2026-10-05T12:00:00Z,Business Wire,PUSA,NASDAQ,Powerus (Nasdaq: PUSA) Awarded $82 Million Order for Counter-Unmanned Aerial Systems,http://www.businesswire.com/news/home/20261005607207/en/Powerus-Nasdaq-PUSA-Awarded-82-Million-Order-for-Counter-Unmanned-Aerial-Systems/?feedref=JjAwJuNHiystnCoBq_hl-eAh7yh3ccNzLJZaxyWkP0mljpP0CpzuEOW8PSMzp0v37dI9_69nqXXndEkzoNy31peBvhKXN8xoKDPrCnMXhC58cMd5Jhr97vTYoLZQbGkSHGnYFEfW-VLubTIB9HxyrA==,keyword:IDIQ;keyword:indefinite-delivery
2026-10-05T12:00:00Z,Business Wire,NTRA,NASDAQ,"Alliance Foundation Trials and Natera Announce AFT-70 NAVIGATE: a Global, Randomized, Phase III Trial Evaluating Genentech’s Oral Selective Estrogen Receptor Degrader (SERD) with Signatera™ MRD-Guided CDK4/6 Inhibitor Therapy in Breast Cancer",http://www.businesswire.com/news/home/20261005157854/en/Alliance-Foundation-Trials-and-Natera-Announce-AFT-70-NAVIGATE-a-Global-Randomized-Phase-III-Trial-Evaluating-Genentech%E2%80%99s-Oral-Selective-Estrogen-Receptor-Degrader-SERD-with-Signatera%E2%84%A2-MRD-Guided-CDK46-Inhibitor-Therapy-in-Breast-Cancer/?feedref=JjAwJuNHiystnCoBq_hl-bQQCakZDujohEJegUyaJwquReQ0P23MrIoWkrUSV24ZevRMp3sIgu8q3wq1OF24lT93qbEzrwa15HGbLqMObxbNWfZlBntHS6jpH5ROLXsTFMkl05DM8ABqeyBleEmzJA==,keyword:Phase III
2026-10-05T12:00:00Z,Business Wire,ESTA,NASDAQ,Establishment Labs® Receives FDA Approval for Additional Sizes of Motiva Implants®,http://www.businesswire.com/news/home/20261005325654/en/Establishment-Labs%C2%AE-Receives-FDA-Approval-for-Additional-Sizes-of-Motiva-Implants%C2%AE/?feedref=JjAwJuNHiystnCoBq_hl-YN6jh2YIt48IJ80PBTZst6qcp-o_pnudlUwsb5apQ1S4gUE65BTfjH3-pSuqdv0gW3cb3F4oTIgUqCPafFkgu5aCD-FAO6Y4EA4btlz6J4c,keyword:FDA approval
2026-10-05T12:00:00Z,GlobeNewswire,VTVT,NASDAQ,vTv Therapeutics Announces Completion of Enrollment in Phase 3 CATT1 Study of Cadisegliatin in Type 1 Diabetes (T1D),https://www.globenewswire.com/news-release/2026/10/05/3374468/0/en/vtv-therapeutics-announces-completion-of-enrollment-in-phase-3-catt1-study-of-cadisegliatin-in-type-1-diabetes-t1d.html,keyword:Phase 3
2026-10-05T12:00:00Z,GlobeNewswire,RVMD,NASDAQ,Revolution Medicines Begins Treating Patients in Phase 3 RASolute 309 Trial Evaluating RASONQUE™ (daraxonrasib) Plus Zoldonrasib as First-Line Treatment for Metastatic RAS G12D Pancreatic Cancer,https://www.globenewswire.com/news-release/2026/10/05/3374500/0/en/revolution-medicines-begins-treating-patients-in-phase-3-rasolute-309-trial-evaluating-rasonque-daraxonrasib-plus-zoldonrasib-as-first-line-treatment-for-metastatic-ras-g12d-pancre.html,keyword:Phase 3
2026-10-05T11:01:00Z,Business Wire,FTHM;NXH,NASDAQ;NASDAQ,Fathom Holdings and Neighborhood Intelligence Announce Mutual Termination of Proposed Merger,http://www.businesswire.com/news/home/20261005432559/en/Fathom-Holdings-and-Neighborhood-Intelligence-Announce-Mutual-Termination-of-Proposed-Merger/?feedref=JjAwJuNHiystnCoBq_hl-Rc4vIAVcHHkbDcwJimU8QtrtlakeQ9hNboBqTAWIjTge3KWq9s9jif-UkBjBsFRyYAbRTSLTc1mgvhPlnaBA55M-oupQnbXnhKsYk8RmHF_kAy2gZikaX3QWV6xOvgFlA==,keyword:merger agreement
2026-10-05T10:45:00Z,Business Wire,WMS,NYSE,Advanced Drainage Systems Announces Acquisition of StormTrap Investments LLC From PSP Capital,http://www.businesswire.com/news/home/20261005997833/en/Advanced-Drainage-Systems-Announces-Acquisition-of-StormTrap-Investments-LLC-From-PSP-Capital/?feedref=JjAwJuNHiystnCoBq_hl-Rc4vIAVcHHkbDcwJimU8QtrtlakeQ9hNboBqTAWIjTge3KWq9s9jif-UkBjBsFRyYAbRTSLTc1mgvhPlnaBA55M-oupQnbXnhKsYk8RmHF_kAy2gZikaX3QWV6xOvgFlA==,keyword:definitive agreement
2026-10-05T10:00:00Z,GlobeNewswire,PCVX,NASDAQ,"Vaxcyte Reports Positive Topline Data from OPUS-1, the Pivotal Adult Phase 3 Trial of VAX-31, the Company’s 31-Valent Pneumococcal Conjugate Vaccine Candidate",https://www.globenewswire.com/news-release/2026/10/05/3374299/0/en/vaxcyte-reports-positive-topline-data-from-opus-1-the-pivotal-adult-phase-3-trial-of-vax-31-the-company-s-31-valent-pneumococcal-conjugate-vaccine-candidate.html,keyword:Phase 3
2026-10-05T08:00:00Z,Business Wire,RDW,NYSE,Redwire Awarded Follow-On Contract to Provide Roll-Out Solar Array Wings for Axiom Space’s Second Space Station Module,http://www.businesswire.com/news/home/20261005570082/en/Redwire-Awarded-Follow-On-Contract-to-Provide-Roll-Out-Solar-Array-Wings-for-Axiom-Space%E2%80%99s-Second-Space-Station-Module/?feedref=JjAwJuNHiystnCoBq_hl-eAh7yh3ccNzLJZaxyWkP0mljpP0CpzuEOW8PSMzp0v37dI9_69nqXXndEkzoNy31peBvhKXN8xoKDPrCnMXhC58cMd5Jhr97vTYoLZQbGkSHGnYFEfW-VLubTIB9HxyrA==,keyword:awarded a contract
2026-10-05T20:15:00Z,Business Wire,CLF,NYSE,Cleveland-Cliffs to Host U.S. Secretary of Energy Chris Wright and Other Government Officials at Butler Works to Showcase GOES Expansion Project,http://www.businesswire.com/news/home/20261004168131/en/Cleveland-Cliffs-to-Host-U.S.-Secretary-of-Energy-Chris-Wright-and-Other-Government-Officials-at-Butler-Works-to-Showcase-GOES-Expansion-Project/?feedref=JjAwJuNHiystnCoBq_hl-eAh7yh3ccNzLJZaxyWkP0mljpP0CpzuEOW8PSMzp0v37dI9_69nqXXndEkzoNy31peBvhKXN8xoKDPrCnMXhC58cMd5Jhr97vTYoLZQbGkSHGnYFEfW-VLubTIB9HxyrA==,manual_call
2026-10-05T20:05:00Z,PR Newswire,OLN,NYSE,Olin Corporation Third Quarter 2026 Earnings Conference Call Announcement,https://www.prnewswire.com/news-releases/olin-corporation-third-quarter-2026-earnings-conference-call-announcement-302898657.html,signal
2026-10-05T20:15:00Z,Business Wire,SKY,NYSE,Champion Homes Announces Definitive Agreement to Acquire Timberline Homes,http://www.businesswire.com/news/home/20261005059761/en/Champion-Homes-Announces-Definitive-Agreement-to-Acquire-Timberline-Homes/?feedref=JjAwJuNHiystnCoBq_hl-Rc4vIAVcHHkbDcwJimU8QtrtlakeQ9hNboBqTAWIjTge3KWq9s9jif-UkBjBsFRyYAbRTSLTc1mgvhPlnaBA55M-oupQnbXnhKsYk8RmHF_kAy2gZikaX3QWV6xOvgFlA==,keyword:definitive agreement
2026-10-05T20:15:00Z,Business Wire,HTB,NYSE,"HomeTrust Bancshares, Inc. Announces Completion of Previous Stock Repurchase Program and Authorization of New Stock Repurchase Program",http://www.businesswire.com/news/home/20261005237628/en/HomeTrust-Bancshares-Inc.-Announces-Completion-of-Previous-Stock-Repurchase-Program-and-Authorization-of-New-Stock-Repurchase-Program/?feedref=JjAwJuNHiystnCoBq_hl-cPRduB1a9bFJ2GUF2oqMSl7cpar2z2OJ_5SQGMGwVHJgBtFNItNzWaC-E-WdoEDnkz6i6lCdteeEqxiTxGYcX-cQmQc1S7JVYqsASti4BlQ,keyword:stock repurchase
2026-10-05T20:05:00Z,GlobeNewswire,LAB,NASDAQ,Standard BioTools Announces Agreement to Sell Microfluidics Business to ARCHIMED,https://www.globenewswire.com/news-release/2026/10/05/3374997/0/en/standard-biotools-announces-agreement-to-sell-microfluidics-business-to-archimed.html,keyword:definitive agreement
2026-10-05T18:50:00Z,Business Wire,GMAB;ABBV,NASDAQ;NYSE,Genmab and AbbVie Announce Epcoritamab in Combination with R-CHOP Demonstrates Statistically Significant Improvement in Progression-Free Survival in Patients with Newly Diagnosed Diffuse Large B-Cell Lymphoma,http://www.businesswire.com/news/home/20261005374420/en/Genmab-and-AbbVie-Announce-Epcoritamab-in-Combination-with-R-CHOP-Demonstrates-Statistically-Significant-Improvement-in-Progression-Free-Survival-in-Patients-with-Newly-Diagnosed-Diffuse-Large-B-Cell-Lymphoma/?feedref=JjAwJuNHiystnCoBq_hl-bQQCakZDujohEJegUyaJwquReQ0P23MrIoWkrUSV24ZevRMp3sIgu8q3wq1OF24lT93qbEzrwa15HGbLqMObxbNWfZlBntHS6jpH5ROLXsTFMkl05DM8ABqeyBleEmzJA==,keyword:Phase 3
