checked_utc,session,range_pct,pctile,big,p_next_big,base
2026-10-01T18:59Z,2026-09-30,1.286,29.4,False,0.073,0.095
2026-10-01T18:59Z,2026-10-01,2.027,65.1,False,0.073,0.095
2026-10-03T10:50Z,2026-10-02,1.698,49.6,False,0.073,0.095
2026-10-05T20:52Z,2026-10-02,1.698,49.6,False,0.073,0.095
2026-10-07T13:44Z,2026-10-06,0.981,9.1,False,0.072,0.094
2026-10-07T14:29Z,2026-10-06,0.981,9.1,False,0.072,0.094
2026-10-07T14:45Z,2026-10-06,0.981,9.1,False,0.072,0.094
2026-10-07T15:34Z,2026-10-06,0.981,9.1,False,0.072,0.094
2026-10-07T15:45Z,2026-10-06,0.981,9.1,False,0.072,0.094
2026-10-08T14:32Z,2026-10-07,1.201,23.4,False,0.072,0.094
2026-10-08T14:34Z,2026-10-07,1.201,23.4,False,0.072,0.094
2026-10-08T14:57Z,2026-10-07,1.201,23.4,False,0.072,0.094
2026-10-08T15:38Z,2026-10-07,1.201,23.4,False,0.072,0.094
